feature,reference_mean,current_mean,psi
opponent_rolling_against_ALL_Tackles won_total_10,18.27994303571144,15.391107628335023,1.7421928268378348
rolling_against_ALL_Tackles won_total_10,18.27994303571144,15.391107628335023,1.7421928268378348
rolling_against_ALL_Total tackles_10,18.26415097451718,15.21452741606874,1.7218374447432527
opponent_rolling_against_ALL_Total tackles_10,18.26415097451718,15.21452741606874,1.7218374447432527
rolling_against_ALL_Tackles_10,18.26415097451718,15.21452741606874,1.7218374447432527
opponent_rolling_against_ALL_Tackles_10,18.26415097451718,15.21452741606874,1.7218374447432527
ewm_against_ALL_Ground duels_won_5,42.09688892300613,34.29327554918904,1.6419848514214865
opponent_rolling_against_ALL_Tackles won_won_10,12.12611576892679,9.578042046605876,1.4490199859983384
rolling_against_ALL_Tackles won_won_10,12.12611576892679,9.578042046605876,1.4490199859983384
ewm_against_ALL_Ground duels_total_5,83.4786356187241,69.12440753499521,1.4344212330281287
rolling_against_ALL_Ground duels_won_10,40.71982448779806,34.43008870835073,1.4339018211894037
opponent_rolling_against_ALL_Ground duels_won_10,40.71982448779806,34.43008870835073,1.4339018211894037
ewm_ALL_Ground duels_total_5,83.4835577227994,69.12710594485023,1.4275559083389764
ewm_ALL_Ground duels_won_5,41.35948646707949,34.2059850758129,1.4015280577159275
opponent_rolling_ALL_Fouled in final third_10,3.4737823689951353,2.283271382134414,1.366054190531497
rolling_ALL_Fouled in final third_10,3.473782368995135,2.283271382134414,1.366054190531497
opponent_rolling_ALL_Tackles won_won_10,12.124573906666031,9.612049666497805,1.3318724570231952
rolling_ALL_Tackles won_won_10,12.124573906666031,9.612049666497805,1.3318724570231952
opponent_rolling_ALL_Ground duels_won_10,40.582730528334686,34.31452224879676,1.3284680966106224
rolling_ALL_Ground duels_won_10,40.58273052833468,34.31452224879676,1.3284680966106224
opponent_rolling_against_ALL_Recoveries_3,60.49043927648578,48.61098958333333,1.3020085819249319
rolling_against_ALL_Recoveries_3,60.49043927648578,48.61098958333333,1.3020085819249319
opponent_rolling_ALL_Recoveries_3,60.394961240310074,48.83854166666666,1.2869330520653601
rolling_ALL_Recoveries_3,60.394961240310074,48.83854166666666,1.2869330520653601
ewm_against_ALL_Tackles won_won_5,12.683875350141365,9.636522695401425,1.273556631712354
ewm_against_ALL_Free kicks_5,15.54671269735734,11.980646512547018,1.2545275935773497
ewm_ALL_Free kicks_5,15.369392398372744,11.899381593281808,1.2476450077196963
ewm_against_ALL_Tackles_5,18.968231214522287,15.263457565016118,1.2370867183042225
ewm_against_ALL_Total tackles_5,18.968231214522287,15.263457565016118,1.2370867183042225
opponent_rolling_against_ALL_Recoveries_5,59.81057971014493,49.05832075661536,1.2225590344308146
rolling_against_ALL_Recoveries_5,59.81057971014493,49.05832075661536,1.2225590344308146
ewm_against_ALL_Tackles won_total_5,18.980157810332273,15.42873451448226,1.2197504918721866
opponent_rolling_ALL_Recoveries_5,59.679451345755695,49.31591709427507,1.1993258150545345
rolling_ALL_Recoveries_5,59.679451345755695,49.31591709427507,1.1993258150545345
ewm_ALL_Tackles won_won_5,12.395472458813135,9.67223244755552,1.1582203224177823
rolling_ALL_Dispossessed_10,10.239500365145343,8.090198423243866,1.1574860826129572
opponent_rolling_ALL_Dispossessed_10,10.239500365145343,8.090198423243866,1.1574860826129572
opponent_rolling_ALL_Free kicks_10,15.037802812726273,11.939531849157943,1.1321515684372583
rolling_ALL_Free kicks_10,15.037802812726273,11.939531849157943,1.1321515684372583
opponent_rolling_against_ALL_Free kicks_10,15.119602056899229,12.019931031724985,1.116583199560839
rolling_against_ALL_Free kicks_10,15.119602056899229,12.019931031724985,1.116583199560839
opponent_rolling_ALL_Shots outside box_10,5.481530778719509,4.398019669378957,1.1118016421245311
rolling_ALL_Shots outside box_10,5.481530778719509,4.398019669378957,1.1118016421245311
opponent_rolling_ALL_Recoveries_10,58.83296420730377,50.05093903179783,1.0974773905102047
rolling_ALL_Recoveries_10,58.83296420730377,50.05093903179783,1.0974773905102047
opponent_rolling_against_ALL_Recoveries_10,58.97982736049747,49.8068070093656,1.0652603518889918
rolling_against_ALL_Recoveries_10,58.97982736049747,49.8068070093656,1.0652603518889918
ewm_ALL_Dispossessed_5,10.590274930216978,8.082886355175782,1.0629192748247769
ewm_against_ALL_Fouled in final third_5,3.787970376004388,2.322868504149781,1.0457560300814792
opponent_rolling_against_ALL_Ground duels_total_10,81.33526082092162,69.42291716757569,1.0428075410022801
rolling_against_ALL_Ground duels_total_10,81.33526082092162,69.42291716757569,1.0428075410022801
opponent_rolling_ALL_Ground duels_total_10,81.34303335431089,69.43543082393734,1.0411787080951083
rolling_ALL_Ground duels_total_10,81.34303335431089,69.43543082393734,1.0411787080951083
rolling_ALL_Total tackles_10,18.22600875666305,15.20691866081183,1.0297906522322693
opponent_rolling_ALL_Tackles_10,18.22600875666305,15.206918660811832,1.0297906522322693
rolling_ALL_Tackles_10,18.22600875666305,15.20691866081183,1.0297906522322693
opponent_rolling_ALL_Total tackles_10,18.22600875666305,15.206918660811832,1.0297906522322693
ewm_against_ALL_Shots outside box_5,5.9703658259640715,4.380190085199243,1.0193816497313857
opponent_rolling_against_ALL_Dispossessed_10,10.17077910185621,8.119690469863205,1.0180636600904585
rolling_against_ALL_Dispossessed_10,10.17077910185621,8.119690469863205,1.0180636600904585
rolling_against_ALL_Interceptions_10,11.23610070276259,8.780308581046025,1.0138468465803079
opponent_rolling_against_ALL_Interceptions_10,11.23610070276259,8.780308581046025,1.0138468465803079
opponent_rolling_against_ALL_Shots outside box_10,5.483087194529238,4.394253571744935,1.0082401421705334
rolling_against_ALL_Shots outside box_10,5.483087194529238,4.394253571744935,1.0082401421705334
ewm_ALL_Fouled in final third_5,3.4476149739910134,2.260909110662081,0.9937439773916303
rolling_ALL_Tackles won_total_10,18.244604563976065,15.434202022120905,0.9919302679376099
opponent_rolling_ALL_Tackles won_total_10,18.244604563976065,15.434202022120905,0.9919302679376099
ewm_ALL_Shots outside box_5,5.839746343600789,4.398712191887135,0.9612244521612858
ewm_ALL_Total tackles_5,18.694509335801747,15.264223484898093,0.9499335419728587
ewm_ALL_Tackles_5,18.694509335801747,15.264223484898093,0.9499335419728587
rolling_against_ALL_Fouled in final third_10,3.588359598200024,2.3402186761229316,0.9362248147596715
opponent_rolling_against_ALL_Fouled in final third_10,3.588359598200024,2.3402186761229316,0.9362248147596715
opponent_rolling_ALL_Fouled in final third_5,3.4380473228442496,2.2516981981981985,0.9240797971887378
rolling_ALL_Fouled in final third_5,3.4380473228442496,2.251698198198198,0.9240797971887378
rolling_ALL_Ground duels_won_5,40.17700147866498,34.133688421431145,0.9194629764451929
opponent_rolling_ALL_Ground duels_won_5,40.17700147866498,34.133688421431145,0.9194629764451929
ewm_ALL_Tackles won_total_5,18.703141782921744,15.46611800832858,0.9015367505702241
opponent_rolling_against_ALL_Ground duels_won_5,40.309223172792564,34.25667475728155,0.8974604723615186
rolling_against_ALL_Ground duels_won_5,40.309223172792564,34.25667475728155,0.8974604723615186
ewm_ALL_Fouls_5,15.360400996694542,12.448710998147043,0.8924587115872482
ewm_ALL_Clearances_5,24.794661353701706,17.930004200353807,0.871832574535002
opponent_rolling_against_ALL_Tackles won_won_5,11.828925418569254,9.661891891891893,0.8457212924530049
rolling_against_ALL_Tackles won_won_5,11.828925418569254,9.661891891891893,0.8457212924530049
ewm_against_ALL_Fouls_5,15.112561481814918,12.354620440850427,0.8375752808232173
opponent_rolling_ALL_Ground duels_total_5,80.54256706801858,69.01183477166488,0.836986612281383
rolling_ALL_Ground duels_total_5,80.54256706801858,69.01183477166488,0.836986612281383
ewm_against_ALL_Dispossessed_5,10.315327689281917,8.125271521360474,0.8254027961828374
ewm_against_ALL_Clearances_5,24.421746267509683,17.87557899210921,0.8224182549708361
ewm_against_ALL_Long balls_total_5,60.34495123471538,52.01461767728129,0.8216240170438995
rolling_against_ALL_Ground duels_total_5,80.53158269961976,69.01377651923768,0.8198529513283087
opponent_rolling_against_ALL_Ground duels_total_5,80.53158269961976,69.01377651923768,0.8198529513283087
rolling_ALL_Tackles won_won_5,11.831756468797565,9.687693693693694,0.8083614561553067
opponent_rolling_ALL_Tackles won_won_5,11.831756468797565,9.687693693693694,0.8083614561553067
ewm_ALL_Final third entries_5,65.07277181120293,53.36588209307236,0.8005466148775588
opponent_rolling_against_ALL_Shots outside box_5,5.342008055801159,4.3849424667385835,0.795588331056782
rolling_against_ALL_Shots outside box_5,5.342008055801159,4.384942466738583,0.795588331056782
ewm_ALL_Long balls_total_5,60.62825274630845,51.91455550359637,0.7900224735810187
ewm_ALL_Recoveries_5,57.20744092371857,49.61064396027425,0.7830473541925507
ewm_against_ALL_Interceptions_5,11.033285435680481,8.699647490950573,0.7798231615881759
ewm_against_ALL_Final third entries_5,66.20049522306807,54.00718262086517,0.7748831807895477
rolling_ALL_Shots outside box_5,5.347720797720798,4.370307443365696,0.7737910348792759
opponent_rolling_ALL_Shots outside box_5,5.347720797720798,4.370307443365696,0.7737910348792759
opponent_rolling_against_ALL_Interceptions_5,11.18761774536615,8.676537216828478,0.7639346265722606
rolling_against_ALL_Interceptions_5,11.187617745366149,8.676537216828478,0.7639346265722606
rolling_ALL_Free kicks_5,14.766994121592298,11.832898979043526,0.7584343021008965
opponent_rolling_ALL_Free kicks_5,14.766994121592298,11.832898979043526,0.7584343021008965
ewm_against_ALL_Recoveries_5,57.59611302484625,49.48609292970885,0.7526634692352793
rolling_ALL_Ground duels_won_3,40.085447139418626,34.06509179014072,0.746609384016534
opponent_rolling_ALL_Ground duels_won_3,40.085447139418626,34.06509179014071,0.746609384016534
rolling_against_ALL_Ground duels_won_3,40.1826822193421,34.16932252352996,0.7452886924518356
opponent_rolling_against_ALL_Ground duels_won_3,40.1826822193421,34.16932252352996,0.7452886924518356
opponent_rolling_against_ALL_Fouled in final third_5,3.516035492133187,2.310216216216216,0.7406707220860782
rolling_against_ALL_Fouled in final third_5,3.516035492133187,2.310216216216216,0.7406707220860782
opponent_rolling_against_ALL_Free kicks_5,14.837043831617153,11.939965072541645,0.7396736593079211
rolling_against_ALL_Free kicks_5,14.837043831617153,11.939965072541645,0.7396736593079211
rolling_ALL_Fouled in final third_3,3.4303694249450474,2.2391099821243765,0.7296662044521591
opponent_rolling_ALL_Fouled in final third_3,3.4303694249450474,2.2391099821243765,0.7296662044521591
rolling_against_ALL_Ground duels_total_3,80.32237857186941,68.85089926381512,0.7189957206266671
opponent_rolling_against_ALL_Ground duels_total_3,80.32237857186941,68.85089926381511,0.7189957206266671
rolling_ALL_Ground duels_total_3,80.33453681417022,68.83710744571802,0.7169739673353874
opponent_rolling_ALL_Ground duels_total_3,80.33453681417022,68.837107445718,0.7169739673353874
rolling_ALL_Interceptions_10,11.183357903860985,8.909042725957422,0.7165378283530867
opponent_rolling_ALL_Interceptions_10,11.183357903860985,8.909042725957422,0.7165378283530867
rolling_ALL_Clearances_10,22.78801987710186,17.60161261067453,0.6993488296538539
opponent_rolling_ALL_Clearances_10,22.78801987710186,17.60161261067453,0.6993488296538539
rolling_ALL_Final third entries_10,63.31327545798058,53.38775213188112,0.6929592844243149
opponent_rolling_ALL_Final third entries_10,63.31327545798058,53.38775213188112,0.6929592844243149
ewm_ALL_Interceptions_5,11.128443186299451,8.812259499892628,0.6741776882029462
rolling_against_ALL_Clearances_10,22.861621575198328,17.542943088299186,0.6659823798177827
opponent_rolling_against_ALL_Clearances_10,22.861621575198328,17.542943088299186,0.6659823798177827
opponent_rolling_ALL_Fouls_10,14.81704151366789,12.51848049994945,0.6609002145426944
rolling_ALL_Fouls_10,14.81704151366789,12.51848049994945,0.6609002145426944
opponent_rolling_against_ALL_Fouls_10,14.67194941488087,12.402123668823508,0.654409562740417
rolling_against_ALL_Fouls_10,14.67194941488087,12.402123668823508,0.654409562740417
opponent_rolling_ALL_Interceptions_5,11.132859313278637,8.766293599424667,0.6449782736147782
rolling_ALL_Interceptions_5,11.132859313278638,8.766293599424667,0.6449782736147782
rolling_against_ALL_Final third phase_total_10,124.65791273822406,111.50178280287416,0.6361434969316935
opponent_rolling_against_ALL_Final third phase_total_10,124.65791273822406,111.50178280287416,0.6361434969316935
opponent_rolling_against_ALL_Long balls_total_10,58.88723037827238,52.43761615816492,0.6279089895682249
rolling_against_ALL_Long balls_total_10,58.88723037827238,52.43761615816492,0.6279089895682249
rolling_against_ALL_Interceptions_3,11.152439454917744,8.6240331749138,0.62337139312553
opponent_rolling_against_ALL_Interceptions_3,11.152439454917744,8.6240331749138,0.62337139312553
rolling_ALL_Total tackles_5,17.92763293831662,15.297945882775979,0.6191167112706897
rolling_ALL_Tackles_5,17.92763293831662,15.297945882775979,0.6191167112706897
opponent_rolling_ALL_Total tackles_5,17.92763293831662,15.297945882775979,0.6191167112706897
opponent_rolling_ALL_Tackles_5,17.92763293831662,15.297945882775979,0.6191167112706897
ewm_against_ALL_Final third phase_total_5,125.7269102048877,115.94363410911026,0.6176747757386902
ewm_against_ALL_Aerial duels_total_5,29.618031762722666,24.310449974396327,0.6130682340931757
ewm_ALL_Aerial duels_total_5,29.620439045760207,24.31130009503757,0.6129785743883331
rolling_ALL_Tackles won_total_5,17.954054794520548,15.494936936936936,0.6072124437735251
opponent_rolling_ALL_Tackles won_total_5,17.954054794520548,15.494936936936936,0.6072124437735251
opponent_rolling_against_ALL_Tackles won_won_3,11.683899504600141,9.692105510184925,0.6067183114109852
rolling_against_ALL_Tackles won_won_3,11.683899504600143,9.692105510184925,0.6067183114109852
opponent_rolling_against_ALL_Tackles won_total_5,17.99594520547945,15.457126126126127,0.6056641181671463
rolling_against_ALL_Tackles won_total_5,17.99594520547945,15.457126126126127,0.6056641181671463
opponent_rolling_ALL_Dispossessed_5,10.023448799756913,8.085612189859763,0.6043267175352344
rolling_ALL_Dispossessed_5,10.023448799756913,8.085612189859763,0.6043267175352344
opponent_rolling_against_ALL_Tackles_5,17.977043451838348,15.28710445882776,0.6020554579411496
rolling_against_ALL_Total tackles_5,17.977043451838348,15.28710445882776,0.6020554579411496
rolling_against_ALL_Tackles_5,17.977043451838348,15.28710445882776,0.6020554579411496
opponent_rolling_against_ALL_Total tackles_5,17.977043451838348,15.28710445882776,0.6020554579411496
opponent_rolling_ALL_Dribbles_total_10,17.219715459639495,14.598525112941802,0.5915514529591868
rolling_ALL_Dribbles_total_10,17.219715459639495,14.598525112941802,0.5915514529591868
rolling_ALL_Tackles won_won_3,11.680077848549187,9.699333521073875,0.5892994919327685
opponent_rolling_ALL_Tackles won_won_3,11.680077848549187,9.699333521073875,0.5892994919327685
opponent_rolling_against_ALL_Fouled in final third_3,3.4770261646458196,2.284222410386678,0.580835722091752
rolling_against_ALL_Fouled in final third_3,3.47702616464582,2.284222410386678,0.580835722091752
opponent_rolling_ALL_Free kicks_3,14.623865025318667,11.79949215143121,0.5721278299221412
rolling_ALL_Free kicks_3,14.623865025318667,11.799492151431211,0.5721278299221412
opponent_rolling_against_ALL_Free kicks_3,14.679828007682906,11.866528162511543,0.5681900699756847
rolling_against_ALL_Free kicks_3,14.679828007682906,11.866528162511543,0.5681900699756847
rolling_ALL_Long balls_total_10,59.178734094564675,52.44072000134982,0.5674361439483522
opponent_rolling_ALL_Long balls_total_10,59.178734094564675,52.44072000134982,0.5674361439483522
opponent_rolling_ALL_Dribbles_won_10,9.172864525390683,7.285677482083276,0.5623249061453762
rolling_ALL_Dribbles_won_10,9.172864525390683,7.285677482083276,0.5623249061453762
rolling_against_ALL_Dribbles_total_10,17.249732795511783,14.626455799788246,0.5532857974560983
opponent_rolling_against_ALL_Dribbles_total_10,17.249732795511783,14.626455799788246,0.5532857974560983
rolling_ALL_Interceptions_3,11.119466214785003,8.690196626595844,0.5528349929051356
opponent_rolling_ALL_Interceptions_3,11.119466214785003,8.690196626595844,0.5528349929051356
ewm_ALL_Dribbles_total_5,17.5231842711924,14.539254526565216,0.5527898371704626
rolling_against_ALL_Dispossessed_5,9.962148283196596,8.134933477166488,0.55153956027518
opponent_rolling_against_ALL_Dispossessed_5,9.962148283196596,8.134933477166488,0.55153956027518
rolling_ALL_Final third phase_won_10,76.15629803706669,83.66861702127659,0.5505825827486419
opponent_rolling_ALL_Final third phase_won_10,76.1562980370667,83.66861702127659,0.5505825827486419
ewm_against_ALL_Crosses_total_5,19.6984574453615,15.441486453843947,0.545700153254795
opponent_rolling_against_ALL_Shots inside box_10,6.316540423419378,7.166278172177719,0.5433044008848468
rolling_against_ALL_Shots inside box_10,6.316540423419378,7.16627817217772,0.5433044008848468
rolling_ALL_Aerial duels_total_10,28.953123008381034,24.608508915125974,0.5380408537996917
opponent_rolling_ALL_Aerial duels_total_10,28.953123008381034,24.608508915125974,0.5380408537996917
opponent_rolling_against_ALL_Aerial duels_total_10,28.950522990400273,24.606166137284927,0.5353912617466292
rolling_against_ALL_Aerial duels_total_10,28.950522990400273,24.606166137284927,0.5353912617466292
rolling_against_ALL_Final third phase_total_5,123.63133133133132,112.23579858379227,0.5274981327013264
opponent_rolling_against_ALL_Final third phase_total_5,123.63133133133132,112.2357985837923,0.5274981327013264
ewm_against_ALL_Expected goals_5,1.4347180217693039,1.32237018033543,0.527076108631641
ewm_against_ALL_Dribbles_total_5,17.68345704472718,14.555013642117851,0.5206088087226044
ewm_ALL_Final third phase_pct_5,0.5984498329371652,0.6540104646082717,0.5202777501304945
ewm_against_ALL_Long balls_won_5,30.117090946853633,25.24008046852852,0.5157265861528498
ewm_ALL_Goal kicks_5,9.632079271334545,7.592944118145665,0.5118414881578781
rolling_ALL_High claims_10,1.2923126129577243,0.8436701919669587,0.5109006830469823
opponent_rolling_ALL_High claims_10,1.2923126129577243,0.8436701919669587,0.5109006830469823
ewm_ALL_Dribbles_won_5,9.130277529015377,7.1894734895854775,0.5088290552296768
trend_against_ALL_Passes_3_minus_10,4.097690169075098,1.6675288771738306,0.5081597449054234
ewm_against_ALL_Dribbles_won_5,9.277577031257414,7.229739204855229,0.5063281926586677
opponent_rolling_ALL_Final third phase_total_3,121.92708333333333,117.69165282392026,0.5037702336977788
rolling_ALL_Final third phase_total_3,121.92708333333334,117.69165282392026,0.5037702336977788
opponent_rolling_ALL_Long balls_won_10,29.042272853434525,25.227759428689534,0.5033801388970432
rolling_ALL_Long balls_won_10,29.042272853434525,25.227759428689534,0.5033801388970432
opponent_rolling_ALL_Final third phase_total_5,121.54692549692548,117.49804615788094,0.502311837301733
rolling_ALL_Final third phase_total_5,121.54692549692548,117.49804615788094,0.502311837301733
rolling_ALL_Final third phase_won_5,76.46557271557272,83.57877655389457,0.4959481105806014
opponent_rolling_ALL_Final third phase_won_5,76.46557271557272,83.57877655389457,0.4959481105806014
opponent_rolling_against_ALL_Final third entries_10,63.129096998726794,54.065607269503545,0.4935299147379433
rolling_against_ALL_Final third entries_10,63.129096998726794,54.065607269503545,0.4935299147379433
rolling_against_ALL_Tackles won_pct_10,0.6592808520032397,0.625228985653383,0.4917765301459497
opponent_rolling_against_ALL_Tackles won_pct_10,0.6592808520032397,0.625228985653383,0.4917765301459497
opponent_rolling_ALL_Final third phase_total_10,120.94907298121372,117.86519145442476,0.48865261687745243
rolling_ALL_Final third phase_total_10,120.94907298121372,117.86519145442476,0.48865261687745243
ewm_ALL_Goals prevented_5,-0.009042206162802388,0.022354470889701574,0.4827844879349869
opponent_rolling_ALL_Tackles won_pct_10,0.6608017179884497,0.6260624794149778,0.48205557457486875
rolling_ALL_Tackles won_pct_10,0.6608017179884497,0.6260624794149778,0.48205557457486875
opponent_rolling_against_ALL_Final third phase_total_3,122.76751077586205,113.10548172757476,0.47590064363629675
rolling_against_ALL_Final third phase_total_3,122.76751077586206,113.10548172757476,0.47590064363629675
ewm_against_ALL_Aerial duels_won_5,14.958430887709737,12.13293024016611,0.4718007883878257
rolling_ALL_Final third phase_won_3,76.70007183908046,83.90794573643412,0.4715606787592212
opponent_rolling_ALL_Final third phase_won_3,76.70007183908046,83.90794573643412,0.4715606787592212
ewm_ALL_Final third phase_total_5,118.9768083776983,116.4906690287107,0.47137772211765117
ewm_ALL_Aerial duels_won_5,14.659058727832386,12.139106289088495,0.4650416944391537
opponent_rolling_against_ALL_Long balls_total_5,58.26348830142814,51.84569848975189,0.4633442675587418
rolling_against_ALL_Long balls_total_5,58.26348830142814,51.84569848975189,0.4633442675587418
opponent_rolling_ALL_Crosses_total_10,18.76393029477808,15.393754771817488,0.4612602237463661
rolling_ALL_Crosses_total_10,18.76393029477808,15.393754771817488,0.4612602237463661
opponent_rolling_ALL_Dribbles_won_5,9.213008204193255,7.129526249550521,0.4605740450297352
rolling_ALL_Dribbles_won_5,9.213008204193255,7.129526249550521,0.4605740450297352
ewm_ALL_Long balls_won_5,29.060624140869034,24.9534066371557,0.4585384382627933
opponent_rolling_ALL_Final third entries_5,62.37078843226788,53.23186936936936,0.45540812498183836
rolling_ALL_Final third entries_5,62.37078843226788,53.23186936936936,0.45540812498183836
rolling_against_ALL_Fouls_5,14.413552138773902,12.283494884221863,0.4550580162172605
opponent_rolling_against_ALL_Fouls_5,14.413552138773902,12.283494884221863,0.4550580162172605
ewm_ALL_Expected goals_5,1.5057749531253808,1.4088575405178183,0.4533328289696788
rolling_against_ALL_High claims_10,1.3211325485227092,0.8978441902806799,0.45152117393133695
opponent_rolling_against_ALL_High claims_10,1.3211325485227092,0.8978441902806799,0.45152117393133695
opponent_rolling_ALL_Long balls_total_5,58.44037678517168,51.72165138439411,0.44490547971600114
rolling_ALL_Long balls_total_5,58.44037678517168,51.72165138439411,0.44490547971600114
rolling_ALL_Final third phase_pct_5,0.6115987415987416,0.6651410306845005,0.4432715208509227
opponent_rolling_ALL_Final third phase_pct_5,0.6115987415987416,0.6651410306845005,0.4432715208509227
opponent_rolling_ALL_Final third phase_pct_10,0.6114761436393187,0.6646503365591774,0.44198655914097507
rolling_ALL_Final third phase_pct_10,0.6114761436393187,0.6646503365591774,0.44198655914097507
opponent_rolling_against_ALL_Dribbles_won_10,9.168477548680357,7.335074071261952,0.4419394224095856
rolling_against_ALL_Dribbles_won_10,9.168477548680357,7.335074071261952,0.4419394224095856
opponent_rolling_ALL_Aerial duels_won_10,14.462958834047567,12.288177281719669,0.4398226372607863
rolling_ALL_Aerial duels_won_10,14.46295883404757,12.288177281719669,0.4398226372607863
ewm_against_ALL_Goals prevented_5,0.02600045167118336,0.10435278511679445,0.4348416457193366
rolling_ALL_Final third phase_pct_3,0.6119926364942528,0.666031284606866,0.4313986375383098
opponent_rolling_ALL_Final third phase_pct_3,0.6119926364942528,0.666031284606866,0.4313986375383098
opponent_rolling_ALL_Fouls_5,14.528943425980682,12.398326153293842,0.42907579371624993
rolling_ALL_Fouls_5,14.528943425980682,12.398326153293842,0.42907579371624993
rolling_against_ALL_Shots inside box_5,6.335840947047843,7.191913879899317,0.42625527229943644
opponent_rolling_against_ALL_Shots inside box_5,6.335840947047843,7.1919138798993165,0.42625527229943644
rolling_against_ALL_Total tackles_3,17.85599802301772,15.315021899170628,0.42562815786666486
opponent_rolling_against_ALL_Total tackles_3,17.85599802301772,15.315021899170626,0.42562815786666486
opponent_rolling_against_ALL_Tackles_3,17.85599802301772,15.315021899170626,0.42562815786666486
rolling_against_ALL_Tackles_3,17.85599802301772,15.315021899170628,0.42562815786666486
rolling_ALL_Dribbles_total_5,17.19427833485263,14.49871449119022,0.42500946091232106
opponent_rolling_ALL_Dribbles_total_5,17.19427833485263,14.49871449119022,0.42500946091232106
opponent_rolling_ALL_Shots outside box_3,5.282601322706461,4.358279810108908,0.4214690422598135
rolling_ALL_Shots outside box_3,5.282601322706461,4.358279810108908,0.4214690422598135
rolling_against_ALL_Tackles won_total_3,17.88000707714084,15.485309302543884,0.4209293292931803
opponent_rolling_against_ALL_Tackles won_total_3,17.880007077140835,15.485309302543884,0.4209293292931803
rolling_ALL_Offsides_10,2.248153615069216,1.831103231488153,0.41967692040139976
opponent_rolling_ALL_Offsides_10,2.248153615069216,1.831103231488153,0.41967692040139976
trend_against_ALL_Duels_3_minus_10,0.0007125205761317045,0.00022167640702729064,0.41542123928418295
opponent_rolling_against_ALL_Aerial duels_won_10,14.487007651812561,12.278489701310587,0.4138390851418833
rolling_against_ALL_Aerial duels_won_10,14.48700765181256,12.278489701310587,0.4138390851418833
rolling_against_ALL_Shots outside box_3,5.281329489570968,4.3714046355766545,0.4072922553085918
opponent_rolling_against_ALL_Shots outside box_3,5.281329489570968,4.3714046355766545,0.4072922553085918
rolling_against_ALL_Dribbles_won_5,9.206900638103921,7.20364077669903,0.40725868089817574
opponent_rolling_against_ALL_Dribbles_won_5,9.206900638103921,7.20364077669903,0.40725868089817574
ewm_against_ALL_Final third phase_won_5,80.58180822649062,80.61828702934845,0.40648156783854883
rolling_ALL_Dispossessed_3,9.900021181952976,8.08321684838319,0.39925583123146136
opponent_rolling_ALL_Dispossessed_3,9.900021181952976,8.083216848383188,0.39925583123146136
opponent_rolling_ALL_Tackles_3,17.79562945703594,15.311573944646351,0.392908023554552
rolling_ALL_Total tackles_3,17.795629457035936,15.311573944646351,0.392908023554552
opponent_rolling_ALL_Total tackles_3,17.79562945703594,15.311573944646351,0.392908023554552
rolling_ALL_Tackles_3,17.795629457035936,15.311573944646351,0.392908023554552
rolling_ALL_Dribbles_won_3,9.283944079644144,7.094026651756594,0.3926260373775039
opponent_rolling_ALL_Dribbles_won_3,9.283944079644144,7.094026651756594,0.3926260373775039
opponent_rolling_std_against_ALL_Recoveries_5,9.899002812784396,7.413893979544877,0.3900770779012571
rolling_std_against_ALL_Recoveries_5,9.899002812784397,7.413893979544877,0.3900770779012571
opponent_rolling_against_ALL_Dribbles_total_5,17.203542996049833,14.548907766990292,0.38870019590741445
rolling_against_ALL_Dribbles_total_5,17.203542996049833,14.548907766990292,0.38870019590741445
opponent_rolling_ALL_Tackles won_total_3,17.826751592356686,15.503801745987046,0.3872830802869907
rolling_ALL_Tackles won_total_3,17.826751592356686,15.503801745987046,0.3872830802869907
rolling_ALL_High claims_5,1.3246038931643278,0.8520163564579809,0.38497396711606435
opponent_rolling_ALL_High claims_5,1.3246038931643278,0.8520163564579809,0.38497396711606435
ewm_against_ALL_Goal kicks_5,9.150070190039042,7.5569895813164845,0.3840024031357676
ewm_ALL_High claims_5,1.305024536252056,0.9340427639724984,0.3802502203839499
rolling_ALL_Aerial duels_total_5,28.76773605830165,24.208324343761234,0.3788706219225292
opponent_rolling_ALL_Aerial duels_total_5,28.76773605830165,24.208324343761237,0.3788706219225292
trend_ALL_Big chances_3_minus_10,-0.03892785343028061,0.03489852046429133,0.3780180379774021
rolling_against_ALL_Goal kicks_10,8.98594094473521,7.6009984842743465,0.37793317404656146
opponent_rolling_against_ALL_Goal kicks_10,8.98594094473521,7.6009984842743465,0.37793317404656146
rolling_against_ALL_Aerial duels_total_5,28.764150295732996,24.21049532542251,0.3776740897466424
opponent_rolling_against_ALL_Aerial duels_total_5,28.764150295732996,24.21049532542251,0.3776740897466424
trend_ALL_Tackles won_pct_3_minus_10,-0.0018186379392902674,0.0035571122858930903,0.3766147952810994
rolling_against_ALL_Dispossessed_3,9.844877497705289,8.120957972229988,0.37573270851212537
opponent_rolling_against_ALL_Dispossessed_3,9.844877497705289,8.120957972229988,0.37573270851212537
trend_against_ALL_Tackles won_pct_3_minus_10,-0.0023308914849640722,0.003971698289875243,0.3731537990756004
opponent_rolling_ALL_Long balls_won_5,28.761531449407475,24.84608504135203,0.3709621913139285
rolling_ALL_Long balls_won_5,28.761531449407475,24.84608504135203,0.3709621913139285
opponent_rolling_ALL_Goal kicks_10,9.229920003174927,7.627130962906826,0.3709493832280461
rolling_ALL_Goal kicks_10,9.229920003174927,7.627130962906825,0.3709493832280461
opponent_rolling_std_ALL_Final third phase_won_5,22.09397997368763,34.81865195388636,0.3707019308232139
rolling_std_ALL_Final third phase_won_5,22.09397997368763,34.81865195388636,0.3707019308232139
ewm_ALL_Final third phase_won_5,73.42004323588363,80.90928276206154,0.3692243513338769
opponent_rolling_against_ALL_Blocked shots_10,2.6829832768130513,2.7811012827489043,0.36615724464935995
rolling_against_ALL_Blocked shots_10,2.6829832768130513,2.7811012827489043,0.36615724464935995
rolling_against_ALL_Long balls_total_3,57.88734731342229,51.4909607678688,0.36565624558886944
opponent_rolling_against_ALL_Long balls_total_3,57.8873473134223,51.4909607678688,0.36565624558886944
ewm_against_ALL_Throw-ins_5,21.450532554117878,19.005375709804333,0.36540432787177357
rolling_std_ALL_Recoveries_5,9.358088127848873,7.365979346422532,0.36514660260753273
opponent_rolling_std_ALL_Recoveries_5,9.358088127848873,7.365979346422532,0.36514660260753273
rolling_against_ALL_Crosses_total_10,18.775581729992652,15.510767118433872,0.3635212317988191
opponent_rolling_against_ALL_Crosses_total_10,18.775581729992652,15.510767118433872,0.3635212317988191
ewm_against_ALL_Shots off target_5,5.895528476800703,4.686672805774572,0.3623962299242298
opponent_rolling_ALL_Long balls_total_3,57.98563157523123,51.34596030192899,0.36110366029957863
rolling_ALL_Long balls_total_3,57.98563157523123,51.34596030192899,0.36110366029957863
opponent_rolling_std_against_ALL_Final third phase_won_5,23.610888885672082,35.2957942099738,0.36035039841872996
rolling_std_against_ALL_Final third phase_won_5,23.61088888567208,35.2957942099738,0.36035039841872996
rolling_against_ALL_Dribbles_won_3,9.262444397373438,7.161215170999906,0.3569754178421197
opponent_rolling_against_ALL_Dribbles_won_3,9.262444397373438,7.161215170999906,0.3569754178421197
trend_ALL_Total tackles_3_minus_10,-0.10879227564781473,0.10427288984739362,0.3533430174926512
trend_ALL_Tackles_3_minus_10,-0.10879227564781473,0.10427288984739362,0.3533430174926512
trend_against_ALL_Shots inside box_3_minus_10,0.26115787957826286,0.0495432241592532,0.3531732739455234
ewm_ALL_Throw-ins_5,21.330457509719107,19.05036775459355,0.35287584664810523
trend_against_ALL_Dribbles_pct_3_minus_10,-0.0017563310503895162,-0.006829879831906669,0.3524273093270725
opponent_rolling_std_ALL_Final third phase_total_5,26.38472644674886,39.70276947520487,0.3494317438066113
rolling_std_ALL_Final third phase_total_5,26.38472644674886,39.70276947520487,0.3494317438066113
rolling_against_ALL_High claims_5,1.3473970122227252,0.8919204737732657,0.3486389321331792
opponent_rolling_against_ALL_High claims_5,1.3473970122227252,0.8919204737732657,0.3486389321331792
rolling_ALL_Shots off target_10,5.43537483803045,4.680817264588147,0.3482668434466955
opponent_rolling_ALL_Shots off target_10,5.43537483803045,4.680817264588147,0.3482668434466955
trend_ALL_Recoveries_3_minus_10,-0.34132628891349825,-1.057912574404762,0.3476951472069716
trend_against_ALL_Recoveries_3_minus_10,-0.15202196382428937,-1.101615699404762,0.3465738549116504
rolling_ALL_Final third entries_3,61.88165994481002,53.23871209987797,0.3449540275310017
opponent_rolling_ALL_Final third entries_3,61.88165994481002,53.23871209987797,0.3449540275310017
rolling_std_ALL_Fouled in final third_5,1.7531416087358107,1.3800743901396466,0.3442677445758866
opponent_rolling_std_ALL_Fouled in final third_5,1.7531416087358107,1.3800743901396466,0.3442677445758866
trend_ALL_Tackles won_total_3_minus_10,-0.10691318707242274,0.06183983496712306,0.3420828404826815
ewm_against_ALL_Hit woodwork_5,0.317631445308536,0.31021417966003706,0.3405011960076777
trend_against_ALL_Tackles won_won_3_minus_10,-0.07021602129882383,0.09774644298722024,0.3399300722803667
rolling_against_ALL_Final third entries_5,62.111196347031964,53.91177027027027,0.3390087161845875
opponent_rolling_against_ALL_Final third entries_5,62.111196347031964,53.91177027027027,0.3390087161845875
opponent_rolling_std_ALL_High claims_5,1.0224515750724017,0.6828532389365873,0.33861352247271864
rolling_std_ALL_High claims_5,1.0224515750724017,0.6828532389365872,0.33861352247271864
ewm_against_ALL_Tackles won_pct_5,0.6655275257816045,0.6273289062075267,0.3370051012430625
trend_ALL_Dribbles_total_3_minus_10,-0.09039499298978226,-0.1028129451389166,0.33567322339531364
opponent_rolling_ALL_Clearances_5,21.957222728653903,17.983054656598345,0.3354694557329978
rolling_ALL_Clearances_5,21.957222728653903,17.983054656598345,0.3354694557329978
opponent_rolling_ALL_Fouls_3,14.367312221931432,12.296575469942304,0.33497544350969444
rolling_ALL_Fouls_3,14.367312221931432,12.296575469942304,0.33497544350969444
rolling_against_ALL_Final third phase_pct_3,0.6152469468390805,0.6590635382059801,0.33473687562761845
opponent_rolling_against_ALL_Final third phase_pct_3,0.6152469468390805,0.65906353820598,0.33473687562761845
trend_ALL_Dribbles_pct_3_minus_10,-0.002178376420115454,-0.00807099813180327,0.3344357888257453
opponent_rolling_std_against_ALL_Fouled in final third_5,1.7438375250440579,1.3697551728202553,0.33392523632782617
rolling_std_against_ALL_Fouled in final third_5,1.743837525044058,1.3697551728202553,0.33392523632782617
opponent_rolling_against_ALL_Offsides_10,2.3276365850688103,1.8229969113563487,0.33333452962269816
rolling_against_ALL_Offsides_10,2.3276365850688103,1.8229969113563487,0.33333452962269816
trend_against_ALL_Total tackles_3_minus_10,-0.058393685088241346,0.07384480210871038,0.33268152841637777
trend_against_ALL_Tackles_3_minus_10,-0.058393685088241346,0.07384480210871038,0.33268152841637777
rolling_against_ALL_Clearances_5,22.117742327560013,17.852597986335848,0.33251407108035136
opponent_rolling_against_ALL_Clearances_5,22.117742327560013,17.852597986335848,0.33251407108035136
ewm_against_ALL_Offsides_5,2.477981760894169,1.8194704645676232,0.3316012601888567
opponent_rolling_against_ALL_Fouls_3,14.279137224112361,12.238321235808675,0.3302299515776686
rolling_against_ALL_Fouls_3,14.279137224112361,12.238321235808675,0.3302299515776686
rolling_ALL_Dribbles_total_3,17.272399915272185,14.490681203988446,0.3298727222362497
opponent_rolling_ALL_Dribbles_total_3,17.27239991527219,14.490681203988446,0.3298727222362497
trend_ALL_Clearances_3_minus_10,-0.07572102695487569,0.5287766639597783,0.3293818344074345
trend_against_ALL_Dispossessed_3_minus_10,-0.12628318926243093,0.016350493230560346,0.3261388432456432
rolling_std_against_ALL_High claims_5,1.0574713060519318,0.7141584477901941,0.3255545196516495
opponent_rolling_std_against_ALL_High claims_5,1.0574713060519318,0.7141584477901941,0.3255545196516495
trend_ALL_Long balls_pct_3_minus_10,-0.0006216382055187356,-0.00015193409392458363,0.32542751659175206
trend_ALL_Tackles won_won_3_minus_10,-0.10110167492333094,0.09240600680335967,0.32379158837667354
rolling_against_ALL_Final third phase_won_3,77.71219468390804,79.81097729789592,0.3236929231953268
opponent_rolling_against_ALL_Final third phase_won_3,77.71219468390804,79.81097729789592,0.3236929231953268
trend_ALL_Crosses_pct_3_minus_10,-0.001140921347710163,0.0012718636704518757,0.3234920520675148
trend_against_ALL_Tackles won_total_3_minus_10,-0.05625299093451962,0.054729608918569754,0.32338883375305905
rolling_against_ALL_Long balls_won_10,29.05844890581525,25.50461753751018,0.32313543405727546
opponent_rolling_against_ALL_Long balls_won_10,29.05844890581525,25.50461753751018,0.32313543405727546
trend_against_ALL_Big chances scored_3_minus_10,0.025195238095238097,0.0004966166891284829,0.32230512444757387
trend_ALL_Dribbles_won_3_minus_10,-0.08889855525631843,-0.17072955078965704,0.31952696024446625
opponent_rolling_ALL_Dribbles_pct_10,0.5307391457419048,0.49218230979166405,0.3173665703638465
rolling_ALL_Dribbles_pct_10,0.5307391457419048,0.492182309791664,0.3173665703638465
trend_ALL_Dispossessed_3_minus_10,-0.05444745362665294,-0.020882756233608878,0.31661164257840835
opponent_rolling_against_ALL_Final third phase_won_10,79.75868004327725,78.0749608415144,0.31380972930740814
rolling_against_ALL_Final third phase_won_10,79.75868004327725,78.0749608415144,0.31380972930740814
trend_against_ALL_Accurate passes_3_minus_10,3.9938511533725394,2.6902127126127677,0.31104812062471754
opponent_rolling_std_against_ALL_Final third phase_total_5,27.77319426624364,39.32021640428412,0.307801381199731
rolling_std_against_ALL_Final third phase_total_5,27.773194266243642,39.32021640428412,0.307801381199731
rolling_against_ALL_Throw-ins_10,21.118700158908343,19.11329680855543,0.30758822264111385
opponent_rolling_against_ALL_Throw-ins_10,21.118700158908343,19.11329680855543,0.30758822264111385
ewm_ALL_Crosses_total_5,18.58876619531048,15.373392612218334,0.3062286673594955
trend_against_ALL_Long balls_won_3_minus_10,0.2789188294113098,-0.4670665983288293,0.30620201102892064
trend_ALL_Ground duels_pct_3_minus_10,-0.0008740496321962611,0.0006504430865627689,0.3059727745873992
rolling_against_ALL_Dribbles_total_3,17.247652333545155,14.529540583356631,0.30400661115634486
opponent_rolling_against_ALL_Dribbles_total_3,17.24765233354515,14.529540583356631,0.30400661115634486
ewm_ALL_Offsides_5,2.3106455831469894,1.8327048277984608,0.30280214095078967
trend_ALL_Passes_3_minus_10,0.403997422581944,0.30389104108701553,0.3001836089953067
opponent_rolling_ALL_High claims_3,1.3445017182130585,0.860651865847898,0.29995711902491384
rolling_ALL_High claims_3,1.3445017182130585,0.860651865847898,0.29995711902491384
opponent_rolling_ALL_Long balls_won_3,28.59923744969286,24.70137918180971,0.2972535604586464
rolling_ALL_Long balls_won_3,28.59923744969286,24.70137918180971,0.2972535604586464
trend_ALL_Big chances scored_3_minus_10,-0.01835985060690943,0.019121789832285113,0.29655991222734795
trend_against_ALL_Crosses_pct_3_minus_10,-0.0001847284843472104,0.0009788995833166928,0.2957907145696658
trend_against_ALL_Clearances_3_minus_10,0.009409242055927011,0.4896296222337598,0.29531291907499657
trend_ALL_Fouled in final third_3_minus_10,-0.031730668584529456,-0.035155280477041695,0.2942518968968134
opponent_rolling_std_against_ALL_Shots outside box_5,2.534424825544729,2.2867449092939625,0.2936287417569988
rolling_std_against_ALL_Shots outside box_5,2.534424825544729,2.286744909293962,0.2936287417569988
opponent_rolling_ALL_Aerial duels_won_5,14.369455006337136,12.076330456670263,0.29335264605815015
rolling_ALL_Aerial duels_won_5,14.369455006337136,12.076330456670263,0.29335264605815015
trend_against_ALL_Aerial duels_total_3_minus_10,0.16590923785424808,-0.47048759490749986,0.2932135769125328
trend_ALL_Aerial duels_total_3_minus_10,0.1662848296758684,-0.47764420836827887,0.29296290642312417
opponent_rolling_against_ALL_Final third phase_pct_5,0.617464964964965,0.657730264883294,0.29098226509570246
rolling_against_ALL_Final third phase_pct_5,0.617464964964965,0.657730264883294,0.29098226509570246
ewm_ALL_Hit woodwork_5,0.2869316711491181,0.2951031464644915,0.2899366416829302
trend_ALL_Long balls_total_3_minus_10,0.4940823339149965,-0.8071137913743448,0.28932430251102303
trend_against_ALL_Fouled in final third_3_minus_10,-0.031706188821696166,-0.034847609191385666,0.28904015340706246
trend_against_ALL_Crosses_won_3_minus_10,0.0015727600084727655,-0.008522038952567321,0.2886569050829554
trend_ALL_Crosses_total_3_minus_10,-0.013918308268022308,-0.08201716433474893,0.2879301005280812
trend_against_ALL_Crosses_total_3_minus_10,0.012298561308304992,-0.1153240944127162,0.28792694587240164
trend_ALL_Duels_3_minus_10,-0.0007660074955908164,0.00035582713189649223,0.2871004160177592
opponent_rolling_against_ALL_Long balls_won_5,28.739544211485875,25.19961344839986,0.2851151712463079
rolling_against_ALL_Long balls_won_5,28.739544211485875,25.19961344839986,0.2851151712463079
trend_against_ALL_Big chances_3_minus_10,0.05633738564563807,0.02898206147145326,0.2815774830542831
rolling_against_ALL_Aerial duels_won_5,14.393662864385297,12.094179252067601,0.281492313282805
opponent_rolling_against_ALL_Aerial duels_won_5,14.393662864385298,12.094179252067601,0.281492313282805
opponent_rolling_against_ALL_Final third entries_3,61.62117031062054,53.71688726180419,0.2812564936220446
rolling_against_ALL_Final third entries_3,61.62117031062054,53.71688726180419,0.2812564936220446
trend_against_ALL_Long balls_pct_3_minus_10,0.001883815306818914,-0.001215239781496418,0.28073310427270504
opponent_rolling_ALL_Throw-ins_10,20.979020818450863,19.162809881689196,0.2788934918171013
rolling_ALL_Throw-ins_10,20.979020818450863,19.162809881689192,0.2788934918171013
ewm_ALL_Ball possession_5,0.49264606053269994,0.49801140191710497,0.2766439409773593
ewm_against_ALL_Ball possession_5,0.5073539394673001,0.5019885980828952,0.2764916430426393
opponent_rolling_against_ALL_Big chances scored_10,1.002481667923301,1.0536206455736656,0.2764061330136428
rolling_against_ALL_Big chances scored_10,1.002481667923301,1.0536206455736659,0.2764061330136428
rolling_against_ALL_Final third phase_won_5,78.60599885599885,78.96713873590349,0.2760964920919233
opponent_rolling_against_ALL_Final third phase_won_5,78.60599885599885,78.96713873590349,0.2760964920919233
ewm_ALL_Tackles won_pct_5,0.6632133215308611,0.6288693292181394,0.27533327294542165
trend_ALL_Accurate passes_3_minus_10,0.1733538468772687,1.5430540578919107,0.2741225788141993
trend_ALL_Final third entries_3_minus_10,0.052821663583709766,-0.06415977167174008,0.2734110320783155
ewm_ALL_Shots off target_5,5.578176532031984,4.681832336012316,0.2719041369079407
opponent_rolling_ALL_Aerial duels_total_3,28.61386780225884,24.155251141552515,0.27146396194170735
rolling_ALL_Aerial duels_total_3,28.61386780225884,24.155251141552515,0.27146396194170735
trend_against_ALL_Final third entries_3_minus_10,0.2428711256667106,-0.14609969022810468,0.26984969027045513
rolling_against_ALL_Aerial duels_total_3,28.61004135036721,24.160236697418696,0.26980571784993224
opponent_rolling_against_ALL_Aerial duels_total_3,28.61004135036721,24.160236697418696,0.26980571784993224
trend_against_ALL_Ground duels_pct_3_minus_10,0.0008247252860287664,7.878820151678936e-05,0.2697172814442228
trend_against_ALL_Expected goals_3_minus_10,0.08665294312169308,0.02152046500623737,0.2692213111920935
trend_against_ALL_Long balls_total_3_minus_10,0.39888710691506707,-0.7423078885826999,0.26850740991209066
trend_ALL_Interceptions_3_minus_10,-0.01806366689865948,-0.19140784820125045,0.2673951940008044
rolling_ALL_Crosses_total_5,18.57529322394409,15.29017439769867,0.26728979612569936
opponent_rolling_ALL_Crosses_total_5,18.575293223944087,15.290174397698669,0.26728979612569936
ewm_against_ALL_Red cards_5,0.331308918120885,0.41667512236836973,0.26609913291062454
trend_against_ALL_Dribbles_total_3_minus_10,-0.030210003933791266,-0.1163567057612347,0.2658575971114945
opponent_rolling_against_ALL_High claims_3,1.3614929362352042,0.8945835301527318,0.2652419964511147
rolling_against_ALL_High claims_3,1.3614929362352042,0.8945835301527318,0.2652419964511147
ewm_against_ALL_High claims_5,1.2891494867166253,0.9445211905346871,0.26098066820559235
rolling_std_ALL_Shots outside box_5,2.515414123477515,2.27049254619163,0.2586811028543002
opponent_rolling_std_ALL_Shots outside box_5,2.515414123477515,2.27049254619163,0.2586811028543002
trend_ALL_Crosses_won_3_minus_10,-0.01607273142964735,-0.026822379310497843,0.25788381014856515
ewm_against_ALL_Crosses_won_5,4.631227102073756,3.8138394766234702,0.25761927436381504
opponent_rolling_against_ALL_Long balls_won_3,28.56382828496787,24.99655204547572,0.25606862927963336
rolling_against_ALL_Long balls_won_3,28.563828284967876,24.99655204547572,0.25606862927963336
trend_ALL_Long balls_won_3_minus_10,0.2253821157072587,-0.39269717019227773,0.2538829080236048
opponent_rolling_against_ALL_Blocked shots_5,2.664274861539969,2.8146871352904212,0.2538324066356095
rolling_against_ALL_Blocked shots_5,2.66427486153997,2.8146871352904212,0.2538324066356095
trend_against_ALL_Dribbles_won_3_minus_10,-0.04964167196215492,-0.17243844047729986,0.2536146304634218
trend_against_ALL_Interceptions_3_minus_10,-0.033563981265739375,-0.1575678608038127,0.25279467960045504
opponent_rolling_against_ALL_Shots off target_10,5.5981543569808885,4.691289098508669,0.250684461539349
rolling_against_ALL_Shots off target_10,5.5981543569808885,4.691289098508669,0.250684461539349
rolling_ALL_Dribbles_pct_5,0.5342119720449712,0.4845883674937074,0.250628574431923
opponent_rolling_ALL_Dribbles_pct_5,0.5342119720449712,0.4845883674937074,0.250628574431923
trend_ALL_Shots outside box_3_minus_10,0.025669630239750635,-0.017660115335345727,0.2497180975237971
ewm_ALL_Red cards_5,0.3354407238407619,0.3688094677787512,0.24899989302504
ewm_ALL_Big chances scored_5,0.9028955277211895,1.055303016907655,0.2465460502960657
trend_ALL_Big chances missed_3_minus_10,-0.022073763051206664,0.014352996100400946,0.24571334337008024
rolling_ALL_Expected goals_10,1.5194333682190826,1.3924317935288415,0.24566492522826147
opponent_rolling_ALL_Expected goals_10,1.5194333682190824,1.3924317935288415,0.24566492522826147
trend_ALL_Ball possession_3_minus_10,-0.001255954205796524,-0.001056570510698932,0.2452719653626871
opponent_rolling_ALL_Goal kicks_5,9.00096461119659,7.564367043213196,0.24282283411760253
rolling_ALL_Goal kicks_5,9.00096461119659,7.564367043213196,0.24282283411760253
trend_against_ALL_Shots outside box_3_minus_10,0.04250022206610301,-0.014912035744205522,0.2400197736611006
rolling_ALL_Hit woodwork_5,0.2933441558441558,0.2952862406758336,0.23175134966369113
opponent_rolling_ALL_Hit woodwork_5,0.2933441558441558,0.2952862406758336,0.23175134966369113
ewm_against_ALL_Final third phase_pct_5,0.6232238377909659,0.6546379949787537,0.23124845930903337
trend_ALL_Aerial duels_won_3_minus_10,0.06923703135515763,-0.24775527954169274,0.23091372626689227
opponent_rolling_against_ALL_Goals prevented_10,0.023971482889733838,0.08636180748994118,0.2305432803173577
rolling_against_ALL_Goals prevented_10,0.023971482889733838,0.08636180748994118,0.2305432803173577
opponent_rolling_against_ALL_Crosses_total_5,18.47186873290793,15.460553757641136,0.22998375836941304
rolling_against_ALL_Crosses_total_5,18.471868732907932,15.460553757641136,0.22998375836941304
trend_against_ALL_Free kicks_3_minus_10,-0.0621070721810638,-0.06291595216110449,0.2295965921211785
opponent_rolling_against_ALL_Hit woodwork_5,0.2929678276269186,0.3078008447919475,0.22483658632595502
rolling_against_ALL_Hit woodwork_5,0.29296782762691853,0.3078008447919475,0.22483658632595502
rolling_std_against_ALL_Final third phase_pct_5,0.07453697462224682,0.09509471106290879,0.22189939719327875
opponent_rolling_std_against_ALL_Final third phase_pct_5,0.07453697462224683,0.09509471106290879,0.22189939719327875
trend_against_ALL_Aerial duels_won_3_minus_10,0.09613482805947163,-0.22451631011178114,0.22095371942974174
trend_ALL_Ground duels_total_3_minus_10,-0.14863164669681986,-0.510730593607306,0.22066364803088662
trend_against_ALL_Ground duels_total_3_minus_10,-0.14916762915744589,-0.4856035695426246,0.22007088008171838
trend_ALL_Ground duels_won_3_minus_10,-0.13850323132400527,-0.19687476425664857,0.22005124961824948
trend_ALL_Aerial duels_pct_3_minus_10,-0.0008079228420368898,-5.3053902578627684e-05,0.21782849807860202
opponent_rolling_against_ALL_Goal kicks_5,8.796435475598692,7.539075667921821,0.21726359985142252
rolling_against_ALL_Goal kicks_5,8.79643547559869,7.539075667921821,0.21726359985142252
trend_ALL_Expected goals_3_minus_10,-0.00032423941798939395,0.001346823246010221,0.21717315924023184
opponent_rolling_against_ALL_Dribbles_pct_5,0.5329326344576116,0.4866260338007911,0.21668202143635135
rolling_against_ALL_Dribbles_pct_5,0.5329326344576116,0.4866260338007911,0.21668202143635135
opponent_rolling_against_ALL_Expected goals_5,1.4644220430107526,1.3485000802439415,0.21653984347043934
rolling_against_ALL_Expected goals_5,1.4644220430107526,1.3485000802439415,0.21653984347043934
ewm_ALL_Passes_5,414.5927171218379,437.33510194066565,0.21575150322524747
trend_against_ALL_Big chances missed_3_minus_10,0.02240323029796714,0.01666884073890994,0.21551051434466117
trend_ALL_Hit woodwork_3_minus_10,0.0046457738869892995,0.00936408315069402,0.214377617184678
ewm_against_ALL_Shots inside box_5,6.876998353272625,7.18005654173583,0.2134060837824595
ewm_ALL_Touches in penalty area_5,17.62351347613174,20.286141497710126,0.21298310515562632
ewm_against_ALL_Touches in penalty area_5,20.402085245397583,20.090377074801673,0.21261690827551966
rolling_against_ALL_Expected goals_10,1.4692912960055817,1.3346692870300836,0.2111681169048709
opponent_rolling_against_ALL_Expected goals_10,1.469291296005582,1.3346692870300836,0.2111681169048709
opponent_rolling_against_ALL_Final third phase_pct_10,0.6211144177942642,0.6543813818141587,0.2107270065198798
rolling_against_ALL_Final third phase_pct_10,0.6211144177942642,0.6543813818141587,0.2107270065198798
trend_against_ALL_Total shots_3_minus_10,0.10806074978338483,0.06521255827891032,0.21069203644469905
trend_against_ALL_Aerial duels_pct_3_minus_10,0.0008081315041600295,2.8133888911085e-05,0.21026414747600886
rolling_ALL_Aerial duels_won_3,14.295284823798061,12.039511695088994,0.2091457206370121
opponent_rolling_ALL_Aerial duels_won_3,14.295284823798061,12.039511695088994,0.2091457206370121
opponent_rolling_ALL_Touches in penalty area_10,18.669805832522993,21.292155235182758,0.20769204733071767
rolling_ALL_Touches in penalty area_10,18.669805832522993,21.292155235182758,0.20769204733071767
trend_against_ALL_Blocked shots_3_minus_10,0.04713138509841807,0.047796125025911074,0.20744192568174669
trend_against_ALL_Ground duels_won_3_minus_10,-0.016339272856584465,-0.20917901407138198,0.20688068765826953
ewm_ALL_Accurate passes_5,328.5867128754526,362.72870193667353,0.20681193688953942
rolling_against_ALL_Dribbles_pct_10,0.5288627900971674,0.4927186272772906,0.20621705262184012
opponent_rolling_against_ALL_Dribbles_pct_10,0.5288627900971674,0.49271862727729066,0.20621705262184012
rolling_ALL_Crosses_total_3,18.472251641601357,15.293122728543473,0.20550722090575135
opponent_rolling_ALL_Crosses_total_3,18.472251641601357,15.293122728543473,0.20550722090575135
trend_against_ALL_Ball possession_3_minus_10,0.00125595420579655,0.0010565705106989646,0.20546771275488607
opponent_rolling_std_ALL_Goals prevented_5,0.6062661943020105,0.6919227179317909,0.20509474342677694
rolling_std_ALL_Goals prevented_5,0.6062661943020105,0.691922717931791,0.20509474342677694
opponent_rolling_against_ALL_Aerial duels_won_3,14.313707338147255,12.078464262417297,0.2043460353882856
rolling_against_ALL_Aerial duels_won_3,14.313707338147255,12.078464262417297,0.2043460353882856
rolling_ALL_Dribbles_pct_3,0.535723010661583,0.4827681483552325,0.20419485049919583
opponent_rolling_ALL_Dribbles_pct_3,0.535723010661583,0.4827681483552325,0.20419485049919583
ewm_against_ALL_Total shots_5,13.051284914244542,11.513468538320925,0.20386891880624253
rolling_against_ALL_Tackles won_pct_5,0.6524706815225886,0.627745662555297,0.20205040645077854
opponent_rolling_against_ALL_Tackles won_pct_5,0.6524706815225887,0.6277456625552967,0.20205040645077854
opponent_rolling_ALL_Hit woodwork_10,0.2920717483852722,0.28947679789428393,0.20091200524749003
rolling_ALL_Hit woodwork_10,0.2920717483852722,0.289476797894284,0.20091200524749003
rolling_ALL_Ball possession_10,0.4952159476256904,0.49845758566840503,0.20064880849340344
opponent_rolling_ALL_Ball possession_10,0.4952159476256904,0.4984575856684051,0.20064880849340344
opponent_rolling_against_ALL_Ball possession_10,0.5047840523743096,0.501542414331595,0.20035956927859572
rolling_against_ALL_Ball possession_10,0.5047840523743096,0.501542414331595,0.20035956927859572
opponent_rolling_ALL_Offsides_5,2.20040834126229,1.8332030899128715,0.20014939536492993
rolling_ALL_Offsides_5,2.20040834126229,1.8332030899128715,0.20014939536492993
trend_against_ALL_Throw-ins_3_minus_10,-0.04126381301603932,-0.19186706239038281,0.19725522337176463
ewm_against_ALL_Through balls_5,1.1430433693476845,0.889411321337536,0.19535712503199454
rolling_std_against_ALL_Goals prevented_5,0.6005002449848578,0.6807058895215214,0.19393608226628206
opponent_rolling_std_against_ALL_Goals prevented_5,0.6005002449848578,0.6807058895215214,0.19393608226628206
rolling_std_against_ALL_Expected goals_5,0.7517605577230043,0.7132019667927859,0.19350204356734832
opponent_rolling_std_against_ALL_Expected goals_5,0.7517605577230043,0.7132019667927859,0.19350204356734832
opponent_rolling_std_against_ALL_Shots inside box_5,2.946940300763893,3.3691634412934737,0.19316033774692712
rolling_std_against_ALL_Shots inside box_5,2.946940300763893,3.3691634412934737,0.19316033774692712
opponent_rolling_against_ALL_Offsides_5,2.257972565810339,1.8282897691547653,0.19200737267258797
rolling_against_ALL_Offsides_5,2.257972565810339,1.8282897691547653,0.19200737267258797
opponent_rolling_against_ALL_Throw-ins_5,20.860188582475246,18.98050026896181,0.19132455547103716
rolling_against_ALL_Throw-ins_5,20.860188582475246,18.98050026896181,0.19132455547103716
trend_against_ALL_Hit woodwork_3_minus_10,0.010024842846095606,-0.0008010670562971868,0.18985824189896866
opponent_rolling_against_ALL_Clearances_3,21.695685942243873,18.102646538067283,0.18948536089469525
rolling_against_ALL_Clearances_3,21.695685942243873,18.102646538067283,0.18948536089469525
opponent_rolling_against_ALL_Dribbles_pct_3,0.5349477511826591,0.48472183393905505,0.18927370990984868
rolling_against_ALL_Dribbles_pct_3,0.5349477511826591,0.4847218339390551,0.18927370990984868
trend_ALL_Blocked shots_3_minus_10,0.0333217271129359,0.01025185567419521,0.18908937667221778
rolling_ALL_Shots inside box_5,6.258760683760684,7.122303128371089,0.18861440660065643
opponent_rolling_ALL_Shots inside box_5,6.258760683760684,7.122303128371089,0.18861440660065643
trend_against_ALL_Fouls_3_minus_10,-0.017001802902090794,-0.11763302845798658,0.18624130934013639
rolling_ALL_Yellow cards_10,1.8431980577239333,1.8031941723595206,0.18623378982149108
opponent_rolling_ALL_Yellow cards_10,1.8431980577239333,1.8031941723595206,0.18623378982149108
opponent_rolling_std_against_ALL_Ball possession_5,0.07882443910026729,0.09649259730032725,0.1860754596731895
rolling_std_against_ALL_Ball possession_5,0.0788244391002673,0.09649259730032723,0.1860754596731895
opponent_rolling_std_ALL_Ball possession_5,0.07882443910026729,0.09649259730032725,0.18527064558142192
rolling_std_ALL_Ball possession_5,0.07882443910026729,0.09649259730032725,0.18527064558142192
rolling_ALL_Throw-ins_5,20.753596086321853,19.01271741079433,0.1842238819290409
opponent_rolling_ALL_Throw-ins_5,20.753596086321853,19.01271741079433,0.1842238819290409
opponent_rolling_ALL_Clearances_3,21.571136058744617,18.22570123939987,0.18391617841640845
rolling_ALL_Clearances_3,21.571136058744617,18.22570123939987,0.18391617841640845
opponent_rolling_against_ALL_Crosses_won_10,4.4174387613724,3.824656112777293,0.18244849045075653
rolling_against_ALL_Crosses_won_10,4.4174387613724,3.824656112777293,0.18244849045075653
trend_ALL_Shots inside box_3_minus_10,0.06703839186457468,0.029677686023678762,0.1805741304332691
rolling_ALL_Tackles won_pct_5,0.653968488542505,0.6286244120529724,0.18007339938077432
opponent_rolling_ALL_Tackles won_pct_5,0.653968488542505,0.6286244120529724,0.18007339938077432
rolling_against_ALL_Crosses_total_3,18.366200663701196,15.432904668716802,0.17963898168079187
opponent_rolling_against_ALL_Crosses_total_3,18.366200663701196,15.432904668716802,0.17963898168079187
opponent_rolling_ALL_Total saves_10,3.1885238939720217,2.7304648796886055,0.1795335779036202
opponent_rolling_ALL_Goalkeeper saves_10,3.1885238939720217,2.7304648796886055,0.1795335779036202
rolling_ALL_Goalkeeper saves_10,3.1885238939720213,2.7304648796886055,0.1795335779036202
rolling_ALL_Total saves_10,3.1885238939720213,2.7304648796886055,0.1795335779036202
trend_against_ALL_Shots off target_3_minus_10,0.0004485083691058624,-0.015391698681135891,0.17878700969826317
opponent_rolling_ALL_Through balls_10,0.9618914007802897,0.8889540862818611,0.17785073110941188
rolling_ALL_Through balls_10,0.9618914007802897,0.8889540862818611,0.17785073110941188
opponent_rolling_ALL_Blocked shots_10,2.6710010717078596,2.801801057919846,0.17771570382908664
rolling_ALL_Blocked shots_10,2.6710010717078596,2.801801057919846,0.17771570382908664
trend_ALL_Throw-ins_3_minus_10,-0.007490676993689065,-0.23523582577580357,0.17477562072084019
opponent_rolling_std_against_ALL_Accurate passes_5,90.7192008288719,107.33802464269914,0.17386677453362417
rolling_std_against_ALL_Accurate passes_5,90.7192008288719,107.33802464269914,0.17386677453362417
opponent_rolling_std_against_ALL_Passes_5,89.57126742049508,105.9616289696712,0.17363605449021946
rolling_std_against_ALL_Passes_5,89.57126742049508,105.9616289696712,0.17363605449021946
rolling_ALL_Goal kicks_3,8.866313078400557,7.548121414029244,0.17298831876171886
opponent_rolling_ALL_Goal kicks_3,8.866313078400557,7.548121414029244,0.17298831876171886
rolling_ALL_Touches in penalty area_5,18.999336576735956,21.170521898767376,0.17190569218819288
opponent_rolling_ALL_Touches in penalty area_5,18.999336576735956,21.170521898767376,0.17190569218819288
ewm_ALL_Goalkeeper saves_5,3.2708858083505037,2.7092554052999693,0.1717284543966123
ewm_ALL_Total saves_5,3.2708858083505037,2.7092554052999693,0.1717284543966123
opponent_rolling_against_ALL_Shots off target_5,5.460001578469673,4.6743210540467865,0.17118632637839817
rolling_against_ALL_Shots off target_5,5.460001578469673,4.6743210540467865,0.17118632637839817
trend_against_ALL_Through balls_3_minus_10,0.031953724739038125,-0.005323601048568538,0.17028635626721
rolling_std_ALL_Expected goals_5,0.7401767913071807,0.7515233348770304,0.1678247614810326
opponent_rolling_std_ALL_Expected goals_5,0.7401767913071807,0.7515233348770304,0.1678247614810326
ewm_ALL_Shots inside box_5,6.1310959155334634,7.121005847738259,0.16720181911613985
opponent_rolling_against_ALL_Goal kicks_3,8.73247337174786,7.515963353692393,0.16384223947539886
rolling_against_ALL_Goal kicks_3,8.73247337174786,7.515963353692393,0.16384223947539886
opponent_rolling_ALL_Crosses_won_10,4.3405210089386665,3.795295884320599,0.1637268679339777
rolling_ALL_Crosses_won_10,4.3405210089386665,3.795295884320599,0.1637268679339777
rolling_against_ALL_Expected goals_3,1.4545138888888889,1.3576115627822947,0.16342578022819684
opponent_rolling_against_ALL_Expected goals_3,1.4545138888888889,1.3576115627822947,0.16342578022819684
rolling_ALL_Shots inside box_10,6.213213996752256,7.105173282883887,0.16041957677009683
opponent_rolling_ALL_Shots inside box_10,6.213213996752257,7.105173282883886,0.16041957677009683
trend_ALL_Through balls_3_minus_10,-0.007073254933404604,0.003882206328565237,0.15969188644608706
rolling_std_ALL_Shots inside box_5,3.1033013358732258,3.424339259241832,0.15947038746450584
opponent_rolling_std_ALL_Shots inside box_5,3.1033013358732258,3.424339259241832,0.15947038746450584
trend_ALL_Fouls_3_minus_10,0.003515191734898596,-0.12690270133737466,0.15943983792898156
trend_against_ALL_Shots on target_3_minus_10,0.034497260979978975,0.004329004329004329,0.15777386174271235
rolling_against_ALL_Through balls_10,1.03044788716085,0.8980510210280577,0.15670224172455188
opponent_rolling_against_ALL_Through balls_10,1.03044788716085,0.8980510210280577,0.15670224172455188
ewm_against_ALL_Accurate passes_5,340.8357864152269,367.698094696965,0.15635159529967307
opponent_rolling_ALL_Ball possession_5,0.49541473051999374,0.49728483055406136,0.15561293326238043
rolling_ALL_Ball possession_5,0.49541473051999374,0.49728483055406136,0.15561293326238043
trend_ALL_Final third phase_won_3_minus_10,0.2698500359195402,-0.5321586774244581,0.15458849590066887
opponent_rolling_against_ALL_Ball possession_5,0.5045852694800063,0.5027151694459386,0.1541063511447332
rolling_against_ALL_Ball possession_5,0.5045852694800063,0.5027151694459387,0.1541063511447332
rolling_ALL_Punches_10,0.9481596176022021,0.7124114128082383,0.1530067546310049
opponent_rolling_ALL_Punches_10,0.9481596176022021,0.7124114128082383,0.1530067546310049
rolling_ALL_Goals prevented_10,0.008404580843744338,0.07377472697528407,0.15297040956703828
opponent_rolling_ALL_Goals prevented_10,0.008404580843744337,0.07377472697528407,0.15297040956703828
opponent_rolling_against_ALL_Red cards_10,0.25819900440433163,0.3953734035987276,0.1515850871251183
rolling_against_ALL_Red cards_10,0.25819900440433163,0.3953734035987276,0.1515850871251183
ewm_against_ALL_Passes_5,426.07754663748227,442.36248280266454,0.1501696840791764
ewm_against_ALL_Dribbles_pct_5,0.5243006603662865,0.48842894723214614,0.1498721596618892
opponent_rolling_against_ALL_Total saves_10,3.0567415657348134,2.674636138071648,0.14931635460541734
rolling_against_ALL_Goalkeeper saves_10,3.0567415657348134,2.674636138071648,0.14931635460541734
rolling_against_ALL_Total saves_10,3.0567415657348134,2.674636138071648,0.14931635460541734
opponent_rolling_against_ALL_Goalkeeper saves_10,3.0567415657348134,2.674636138071648,0.14931635460541734
trend_ALL_Final third phase_total_3_minus_10,0.8500339952791461,-0.6321596661920579,0.1492763100817866
opponent_rolling_ALL_Blocked shots_5,2.649965691319904,2.816716042732741,0.14915630808625335
rolling_ALL_Blocked shots_5,2.649965691319904,2.8167160427327405,0.14915630808625335
opponent_rolling_std_against_ALL_Ground duels_won_5,7.464626006876865,6.769970715892392,0.14753868731180242
rolling_std_against_ALL_Ground duels_won_5,7.464626006876865,6.769970715892393,0.14753868731180242
rolling_ALL_Shots off target_5,5.320802257211633,4.673837052971229,0.14614863161404112
opponent_rolling_ALL_Shots off target_5,5.320802257211633,4.673837052971229,0.14614863161404112
ewm_against_ALL_Corner kicks_5,5.111622842411245,4.472511630013097,0.14610661600094466
ewm_ALL_Punches_5,0.9981160294917514,0.7578025270908925,0.14568289418004074
opponent_rolling_against_ALL_Hit woodwork_10,0.2941722705264496,0.30778834432169544,0.14443573781893188
rolling_against_ALL_Hit woodwork_10,0.2941722705264496,0.30778834432169544,0.14443573781893188
opponent_rolling_against_ALL_Throw-ins_3,20.726602060415576,18.87553211178975,0.14355012283963034
rolling_against_ALL_Throw-ins_3,20.726602060415573,18.87553211178975,0.14355012283963034
rolling_ALL_Throw-ins_3,20.649794831499914,18.899592818804365,0.14283137413937536
opponent_rolling_ALL_Throw-ins_3,20.64979483149991,18.899592818804365,0.14283137413937536
opponent_rolling_ALL_Touches in penalty area_3,19.246910164176352,21.165836101882615,0.1416504797129949
rolling_ALL_Touches in penalty area_3,19.246910164176352,21.165836101882615,0.1416504797129949
opponent_rolling_against_ALL_Red cards_3,0.22549019607843135,0.38838748495788206,0.1414394723964249
rolling_against_ALL_Red cards_3,0.22549019607843135,0.38838748495788206,0.1414394723964249
opponent_rolling_ALL_Red cards_5,0.23641332639250393,0.39068148148148146,0.14110361436850374
rolling_ALL_Red cards_5,0.23641332639250393,0.39068148148148146,0.14110361436850374
rolling_against_ALL_Red cards_5,0.24038984325293541,0.4007185185185185,0.1408455010798657
opponent_rolling_against_ALL_Red cards_5,0.24038984325293541,0.4007185185185185,0.1408455010798657
rolling_std_ALL_Ground duels_won_5,7.226858080444892,6.77626226347995,0.1402686922159874
opponent_rolling_std_ALL_Ground duels_won_5,7.226858080444892,6.776262263479949,0.1402686922159874
opponent_rolling_ALL_Ball possession_3,0.49675688696185344,0.4972963580761746,0.13998843350330079
rolling_ALL_Ball possession_3,0.49675688696185344,0.4972963580761746,0.13998843350330079
opponent_rolling_ALL_Red cards_3,0.22297543552737079,0.37855996791014845,0.13842998019378147
rolling_ALL_Red cards_3,0.22297543552737079,0.37855996791014845,0.13842998019378147
opponent_rolling_against_ALL_Ball possession_3,0.5032431130381465,0.5027036419238254,0.1363887947271074
rolling_against_ALL_Ball possession_3,0.5032431130381465,0.5027036419238254,0.1363887947271074
ewm_ALL_Dribbles_pct_5,0.5171658479430312,0.4876520693855556,0.13195165253533586
ewm_against_ALL_Blocked shots_5,2.8324021514972526,2.800892301893758,0.13160120289991045
opponent_rolling_ALL_Big saves_10,0.9354235360274008,0.835570188891445,0.13152149010825936
rolling_ALL_Big saves_10,0.9354235360274008,0.835570188891445,0.13152149010825936
opponent_rolling_std_ALL_Passes_5,76.9357212898226,90.06250839493265,0.12914303561266935
rolling_std_ALL_Passes_5,76.9357212898226,90.06250839493265,0.12914303561266935
trend_against_ALL_Final third phase_won_3_minus_10,0.4916474240558294,1.2039519393028528,0.12881473578282437
opponent_rolling_std_against_ALL_Touches in penalty area_5,7.045230068797771,8.63517257992518,0.12862274181499392
rolling_std_against_ALL_Touches in penalty area_5,7.045230068797771,8.635172579925179,0.12862274181499392
rolling_std_ALL_Crosses_pct_5,0.10060153806056568,0.12052636605753285,0.1283675446692592
opponent_rolling_std_ALL_Crosses_pct_5,0.10060153806056568,0.12052636605753285,0.1283675446692592
rolling_against_ALL_Yellow cards_10,1.7893330578796955,1.7933442795191215,0.1273306010655882
opponent_rolling_against_ALL_Yellow cards_10,1.7893330578796955,1.7933442795191215,0.1273306010655882
rolling_std_ALL_Offsides_5,1.510604858871167,1.2916734567243158,0.12704193557182897
opponent_rolling_std_ALL_Offsides_5,1.510604858871167,1.2916734567243158,0.12704193557182897
trend_ALL_Red cards_3_minus_10,0.009204821953564575,0.004191736863217015,0.12561150803537138
opponent_rolling_std_ALL_Aerial duels_pct_5,0.10252261701713683,0.1148161672255042,0.1253210983212155
rolling_std_ALL_Aerial duels_pct_5,0.10252261701713683,0.11481616722550422,0.1253210983212155
rolling_std_against_ALL_Blocked shots_5,1.6569078979531258,1.8656281919744013,0.12521542720077022
opponent_rolling_std_against_ALL_Blocked shots_5,1.6569078979531258,1.8656281919744013,0.12521542720077022
rolling_std_against_ALL_Aerial duels_pct_5,0.10249432812227088,0.11493389748016308,0.12495078856711649
opponent_rolling_std_against_ALL_Aerial duels_pct_5,0.10249432812227088,0.1149338974801631,0.12495078856711649
ewm_against_ALL_Shots on target_5,4.668962562452931,4.050998125857365,0.12451685394585557
opponent_rolling_std_ALL_Dribbles_pct_5,0.12430173052091543,0.14411970197362636,0.12407414456409809
rolling_std_ALL_Dribbles_pct_5,0.12430173052091543,0.14411970197362636,0.12407414456409809
opponent_rolling_std_ALL_Accurate passes_5,76.40536191328437,89.31516206438,0.12301216690695174
rolling_std_ALL_Accurate passes_5,76.40536191328435,89.31516206438,0.12301216690695174
rolling_ALL_Red cards_10,0.2558367486556484,0.378979727484214,0.12235725564959879
opponent_rolling_ALL_Red cards_10,0.2558367486556484,0.378979727484214,0.12235725564959879
opponent_rolling_std_ALL_Punches_5,0.750377765307713,0.5780626845573805,0.12207113687039836
rolling_std_ALL_Punches_5,0.750377765307713,0.5780626845573805,0.12207113687039836
rolling_ALL_Expected goals_5,1.500760752688172,1.3931880115551276,0.12173586259404784
opponent_rolling_ALL_Expected goals_5,1.500760752688172,1.3931880115551276,0.12173586259404784
rolling_against_ALL_Offsides_3,2.229433232203315,1.8302228412256267,0.12086888635824708
opponent_rolling_against_ALL_Offsides_3,2.2294332322033155,1.8302228412256267,0.12086888635824708
rolling_against_ALL_Total shots_10,12.264963081959792,11.487006336575302,0.11978941359883358
opponent_rolling_against_ALL_Total shots_10,12.264963081959792,11.487006336575302,0.11978941359883358
opponent_rolling_std_against_ALL_Crosses_pct_5,0.10256745261720081,0.12245893257092447,0.11962787520974358
rolling_std_against_ALL_Crosses_pct_5,0.10256745261720081,0.12245893257092447,0.11962787520974358
opponent_rolling_std_against_ALL_Dispossessed_5,3.584713370642913,3.1580787285570673,0.11960250624184235
rolling_std_against_ALL_Dispossessed_5,3.584713370642913,3.1580787285570673,0.11960250624184235
opponent_rolling_std_ALL_Tackles won_total_5,4.914898967004463,4.454702188920397,0.11916567545734172
rolling_std_ALL_Tackles won_total_5,4.914898967004464,4.454702188920397,0.11916567545734172
opponent_rolling_against_ALL_Goals prevented_5,0.018654356060606062,0.055182320441988945,0.11815253555608385
rolling_against_ALL_Goals prevented_5,0.018654356060606055,0.055182320441988945,0.11815253555608385
rolling_std_ALL_Hit woodwork_5,0.3955701910621186,0.43840195069952115,0.11780337824959589
opponent_rolling_std_ALL_Hit woodwork_5,0.3955701910621186,0.43840195069952115,0.11780337824959589
rolling_std_against_ALL_Hit woodwork_5,0.3889729339299315,0.43217424357148115,0.11757566307193884
opponent_rolling_std_against_ALL_Hit woodwork_5,0.3889729339299315,0.43217424357148115,0.11757566307193884
opponent_rolling_std_against_ALL_Punches_5,0.7657517587640927,0.5915089148277982,0.11747028865970907
rolling_std_against_ALL_Punches_5,0.7657517587640927,0.5915089148277982,0.11747028865970907
rolling_ALL_Offsides_3,2.189574814228554,1.8354688950789229,0.1151509882959417
opponent_rolling_ALL_Offsides_3,2.189574814228554,1.8354688950789229,0.1151509882959417
rolling_ALL_Accurate passes_10,339.3614029987913,361.8430888264598,0.11428373190714435
opponent_rolling_ALL_Accurate passes_10,339.3614029987913,361.8430888264598,0.11428373190714435
opponent_rolling_against_ALL_Corner kicks_10,5.024567691744997,4.4879109489786915,0.11425169813852729
rolling_against_ALL_Corner kicks_10,5.024567691744997,4.487910948978693,0.11425169813852729
trend_against_ALL_Final third phase_total_3_minus_10,0.7041104354816641,1.3731488622580816,0.11322889517933381
rolling_std_against_ALL_Big chances scored_5,0.7097716290457485,0.810777294862801,0.1128640961273288
opponent_rolling_std_against_ALL_Big chances scored_5,0.7097716290457485,0.810777294862801,0.1128640961273288
rolling_against_ALL_Goals prevented_3,0.015771144278606958,0.03149305555555556,0.1122861377221398
opponent_rolling_against_ALL_Goals prevented_3,0.01577114427860696,0.03149305555555556,0.1122861377221398
rolling_against_ALL_Shots off target_3,5.384106394129979,4.668561131133906,0.11222366363338396
opponent_rolling_against_ALL_Shots off target_3,5.384106394129979,4.668561131133906,0.11222366363338396
rolling_ALL_Goals prevented_5,-0.014219696969696976,0.06114433701657458,0.11141886736957499
opponent_rolling_ALL_Goals prevented_5,-0.014219696969696978,0.06114433701657459,0.11141886736957499
opponent_rolling_ALL_Total saves_5,3.1460053788957443,2.7088628612457364,0.11134617091321712
opponent_rolling_ALL_Goalkeeper saves_5,3.1460053788957443,2.7088628612457364,0.11134617091321712
rolling_ALL_Goalkeeper saves_5,3.1460053788957447,2.708862861245737,0.11134617091321712
rolling_ALL_Total saves_5,3.1460053788957447,2.708862861245737,0.11134617091321712
opponent_rolling_std_ALL_Tackles won_won_5,3.5858821831396313,3.2172916619375083,0.1110701508083308
rolling_std_ALL_Tackles won_won_5,3.5858821831396313,3.2172916619375083,0.1110701508083308
ewm_against_ALL_Penalty saves_5,0.5637650513449235,0.5461578640878918,0.11096314226655876
rolling_against_ALL_Crosses_won_5,4.358435126101488,3.8107784969435454,0.11054366120682976
opponent_rolling_against_ALL_Crosses_won_5,4.358435126101488,3.8107784969435454,0.11054366120682976
ewm_against_ALL_Big chances missed_5,1.5902464966207306,1.3186005171719337,0.10888007582111231
opponent_rolling_std_against_ALL_Tackles won_won_5,3.4492062867524798,3.2100643257510924,0.1076244809643627
rolling_std_against_ALL_Tackles won_won_5,3.4492062867524798,3.2100643257510924,0.1076244809643627
opponent_rolling_against_ALL_Errors lead to a goal_10,0.5351670951156813,0.6408784851357592,0.10750201552244781
rolling_against_ALL_Errors lead to a goal_10,0.5351670951156813,0.6408784851357592,0.10750201552244781
trend_against_ALL_Final third phase_pct_3_minus_10,0.0008760519293924498,0.0026770767415493324,0.10523855053611902
rolling_against_ALL_Shots inside box_3,6.345232038889831,7.231359955319743,0.10482339606009652
opponent_rolling_against_ALL_Shots inside box_3,6.345232038889831,7.231359955319743,0.10482339606009652
opponent_rolling_std_ALL_Dispossessed_5,3.427894619740038,3.151841705493031,0.10479573273501036
rolling_std_ALL_Dispossessed_5,3.4278946197400386,3.151841705493031,0.10479573273501036
rolling_ALL_Big chances scored_10,0.9652904057203964,1.0522763396186214,0.10443350916935121
opponent_rolling_ALL_Big chances scored_10,0.9652904057203964,1.0522763396186214,0.10443350916935121
rolling_std_ALL_Ground duels_pct_5,0.052592976646522537,0.0607106789479217,0.1043119300450649
opponent_rolling_std_ALL_Ground duels_pct_5,0.052592976646522537,0.0607106789479217,0.1043119300450649
opponent_rolling_std_against_ALL_Interceptions_5,3.732268606268434,3.3088389261940083,0.10371712090947112
rolling_std_against_ALL_Interceptions_5,3.732268606268434,3.3088389261940083,0.10371712090947112
opponent_rolling_against_ALL_Blocked shots_3,2.658974358974359,2.838566268407891,0.10351372690173076
rolling_against_ALL_Blocked shots_3,2.6589743589743593,2.838566268407891,0.10351372690173076
trend_against_ALL_Offsides_3_minus_10,0.000494657696873769,0.011344121678383511,0.10291430633667707
ewm_against_ALL_Total saves_5,3.044871992130111,2.6741462613356375,0.10222818273443202
ewm_against_ALL_Goalkeeper saves_5,3.044871992130111,2.6741462613356375,0.10222818273443202
opponent_rolling_std_ALL_Dribbles_won_5,3.517385958897196,3.1307315036575605,0.10188312404611838
rolling_std_ALL_Dribbles_won_5,3.517385958897196,3.130731503657561,0.10188312404611838
rolling_std_against_ALL_Dribbles_won_5,3.6548140557607507,3.222402422495346,0.10115600946730538
opponent_rolling_std_against_ALL_Dribbles_won_5,3.6548140557607507,3.222402422495346,0.10115600946730538
rolling_std_ALL_Ground duels_total_5,12.154565934629293,11.554668670825949,0.10058633899373481
opponent_rolling_std_ALL_Ground duels_total_5,12.154565934629293,11.554668670825945,0.10058633899373481
opponent_rolling_std_ALL_Interceptions_5,3.7381293999050427,3.3354586975505343,0.10054328279183145
rolling_std_ALL_Interceptions_5,3.7381293999050422,3.335458697550534,0.10054328279183145
ewm_ALL_Penalty saves_5,0.5067825559564606,0.47833193183045797,0.10044796539774736
opponent_rolling_ALL_Passes_10,424.251118453255,437.18400360232675,0.1002643034308305
rolling_ALL_Passes_10,424.251118453255,437.18400360232675,0.1002643034308305
rolling_ALL_Crosses_won_5,4.329690063810392,3.763547285149227,0.09989036210726862
opponent_rolling_ALL_Crosses_won_5,4.329690063810392,3.763547285149227,0.09989036210726862
rolling_std_against_ALL_Ground duels_total_5,12.146268829975702,11.559145359728065,0.09972513845616038
opponent_rolling_std_against_ALL_Ground duels_total_5,12.146268829975702,11.559145359728065,0.09972513845616038
opponent_rolling_against_ALL_Touches in penalty area_10,20.039901331862623,19.76376073976991,0.09963081528503456
rolling_against_ALL_Touches in penalty area_10,20.039901331862623,19.763760739769914,0.09963081528503456
trend_against_ALL_Red cards_3_minus_10,0.006770589276602839,0.01613804366511949,0.09959234398277104
trend_ALL_Free kicks_3_minus_10,-0.07803403053206617,-0.08029569537879784,0.0989408462365679
opponent_rolling_std_against_ALL_Ground duels_pct_5,0.052613954364219555,0.06006215893947233,0.09794652109317793
rolling_std_against_ALL_Ground duels_pct_5,0.052613954364219555,0.06006215893947233,0.09794652109317793
opponent_rolling_against_ALL_Crosses_pct_10,0.23203096341493934,0.24314457816078863,0.09773672301035294
rolling_against_ALL_Crosses_pct_10,0.23203096341493934,0.2431445781607886,0.09773672301035294
ewm_against_ALL_Big chances scored_5,1.0461469023418921,1.0526860190893046,0.09674034430336244
opponent_rolling_ALL_Goals prevented_3,-0.012363184079601991,0.04157118055555556,0.0960549011111112
rolling_ALL_Goals prevented_3,-0.012363184079601994,0.04157118055555555,0.0960549011111112
trend_ALL_Corner kicks_3_minus_10,-0.03731096153766474,-0.02054190111493175,0.09581198683362432
opponent_rolling_std_against_ALL_Red cards_5,0.1862115430520401,0.2631388846045519,0.09534185568952339
rolling_std_against_ALL_Red cards_5,0.1862115430520401,0.2631388846045519,0.09534185568952339
opponent_rolling_std_ALL_Red cards_5,0.18993634751038252,0.2512482863976153,0.09403527912166451
rolling_std_ALL_Red cards_5,0.18993634751038252,0.2512482863976153,0.09403527912166451
rolling_std_against_ALL_Free kicks_5,4.134079917031,3.6400635453221644,0.09392128443786286
opponent_rolling_std_against_ALL_Free kicks_5,4.134079917031,3.6400635453221644,0.09392128443786286
trend_ALL_Touches in penalty area_3_minus_10,-0.011567229732697377,-0.3013523044876866,0.09389368534065676
opponent_rolling_std_against_ALL_Aerial duels_won_5,5.315478703862158,4.9232289038005765,0.09374713173293953
rolling_std_against_ALL_Aerial duels_won_5,5.315478703862158,4.923228903800577,0.09374713173293953
trend_ALL_Yellow cards_3_minus_10,0.029161864657210403,-0.010627660850272834,0.0935666510376875
opponent_rolling_std_ALL_Tackles_5,4.911041150744511,4.575700816640774,0.09226032051586519
opponent_rolling_std_ALL_Total tackles_5,4.911041150744511,4.575700816640774,0.09226032051586519
rolling_std_ALL_Total tackles_5,4.911041150744511,4.575700816640774,0.09226032051586519
rolling_std_ALL_Tackles_5,4.911041150744511,4.575700816640774,0.09226032051586519
opponent_rolling_std_ALL_Tackles won_pct_5,0.11131856010382811,0.1266760758945053,0.09165126285448157
rolling_std_ALL_Tackles won_pct_5,0.11131856010382812,0.1266760758945053,0.09165126285448157
opponent_rolling_against_ALL_Accurate passes_10,340.38112444684185,366.33622036200427,0.0916304375058308
rolling_against_ALL_Accurate passes_10,340.38112444684185,366.33622036200427,0.0916304375058308
ewm_ALL_Blocked shots_5,2.73681524597011,2.824871077877835,0.09116558646510296
opponent_rolling_against_ALL_Big chances_10,2.1506325726966966,2.0325819992975416,0.09042218733104503
rolling_against_ALL_Big chances_10,2.1506325726966966,2.0325819992975416,0.09042218733104503
rolling_std_ALL_Aerial duels_won_5,5.222987773736902,4.858669664996649,0.08928540785526251
opponent_rolling_std_ALL_Aerial duels_won_5,5.222987773736902,4.858669664996649,0.08928540785526251
opponent_rolling_ALL_Shots off target_3,5.288915094339623,4.665603918306996,0.0883561155982869
rolling_ALL_Shots off target_3,5.288915094339623,4.665603918306996,0.0883561155982869
rolling_against_ALL_Total saves_5,3.0311758424299953,2.6716612816370486,0.08813881859721237
rolling_against_ALL_Goalkeeper saves_5,3.0311758424299953,2.6716612816370486,0.08813881859721237
opponent_rolling_against_ALL_Goalkeeper saves_5,3.0311758424299953,2.671661281637049,0.08813881859721237
opponent_rolling_against_ALL_Total saves_5,3.0311758424299953,2.671661281637049,0.08813881859721237
trend_against_ALL_Corner kicks_3_minus_10,0.008175110729926705,-0.029525177138689174,0.08772964642031295
ewm_against_ALL_Errors lead to a goal_5,0.47080236098178113,0.5909188766625271,0.0876889534466549
opponent_rolling_ALL_Tackles won_pct_3,0.6495966120244325,0.6287302655097655,0.08758683004126239
rolling_ALL_Tackles won_pct_3,0.6495966120244325,0.6287302655097655,0.08758683004126239
opponent_rolling_std_against_ALL_Tackles won_pct_5,0.11061433869157679,0.12575604055101242,0.08751498275611404
rolling_std_against_ALL_Tackles won_pct_5,0.11061433869157679,0.1257560405510124,0.08751498275611404
ewm_ALL_Crosses_pct_5,0.2236264063524277,0.2426286223378437,0.08645510681244344
rolling_ALL_Punches_5,0.9415124228781055,0.7251074278698587,0.08570154710429398
opponent_rolling_ALL_Punches_5,0.9415124228781058,0.7251074278698587,0.08570154710429398
trend_ALL_Total shots_3_minus_10,-0.040785689335274954,0.03848236870169131,0.08558835773869466
rolling_ALL_Big chances missed_10,1.3787188260953458,1.298068860940148,0.08546002516600941
opponent_rolling_ALL_Big chances missed_10,1.3787188260953454,1.298068860940148,0.08546002516600941
ewm_ALL_Through balls_5,0.9422105337840682,0.8944291583131312,0.0851810303160749
opponent_rolling_std_against_ALL_Offsides_5,1.4429412381405202,1.2548924511955675,0.08479366318604883
rolling_std_against_ALL_Offsides_5,1.4429412381405198,1.2548924511955675,0.08479366318604883
rolling_std_ALL_Duels_5,0.04759524872527317,0.05384910785499872,0.08397835123466842
opponent_rolling_std_ALL_Duels_5,0.04759524872527317,0.05384910785499871,0.08397835123466842
trend_ALL_High claims_3_minus_10,-0.03287491590756196,0.010460482413718126,0.08265782386034702
rolling_against_ALL_Touches in penalty area_5,19.80501253132832,19.988578547075793,0.08265740127006974
opponent_rolling_against_ALL_Touches in penalty area_5,19.80501253132832,19.988578547075793,0.08265740127006974
rolling_ALL_Accurate passes_5,342.77009664131816,362.9713412441568,0.08254947831989921
opponent_rolling_ALL_Accurate passes_5,342.77009664131805,362.9713412441568,0.08254947831989921
opponent_rolling_std_against_ALL_Duels_5,0.04759387193636589,0.053581983900950154,0.0825261915840744
rolling_std_against_ALL_Duels_5,0.04759387193636589,0.053581983900950154,0.0825261915840744
rolling_against_ALL_Through balls_5,1.0122070129383087,0.8979774406845584,0.08232910326218304
opponent_rolling_against_ALL_Through balls_5,1.0122070129383087,0.8979774406845584,0.08232910326218304
trend_ALL_Goal kicks_3_minus_10,-0.05461322515735822,-0.0553840238668112,0.08232150457451237
trend_ALL_Total saves_3_minus_10,-0.0006747178338982973,-0.022434444267684803,0.08203692710067842
trend_ALL_Goalkeeper saves_3_minus_10,-0.0006747178338982973,-0.022434444267684803,0.08203692710067842
rolling_std_against_ALL_Dribbles_total_5,5.576826464509769,5.142073230206345,0.08171018878829357
opponent_rolling_std_against_ALL_Dribbles_total_5,5.576826464509769,5.142073230206345,0.08171018878829357
opponent_rolling_std_against_ALL_Big chances_5,1.3491368549272453,1.4238898506100477,0.0809739411775002
rolling_std_against_ALL_Big chances_5,1.3491368549272453,1.4238898506100477,0.0809739411775002
opponent_rolling_against_ALL_Accurate passes_3,346.03740048139235,370.3134377038486,0.08012078372374477
rolling_against_ALL_Accurate passes_3,346.03740048139235,370.3134377038486,0.08012078372374477
ewm_ALL_Errors lead to a goal_5,0.6056125738820098,0.570411491559867,0.07998933934783858
opponent_rolling_ALL_Shots inside box_3,6.287773444124131,7.165177324769617,0.07994842242496278
rolling_ALL_Shots inside box_3,6.287773444124131,7.165177324769617,0.07994842242496278
opponent_rolling_ALL_Yellow cards_5,1.8215690978886756,1.7933350988700565,0.07986233264919287
rolling_ALL_Yellow cards_5,1.8215690978886756,1.7933350988700565,0.07986233264919287
rolling_against_ALL_Shots on target_10,4.540888767411727,4.056628278465987,0.07953390375882097
opponent_rolling_against_ALL_Shots on target_10,4.540888767411727,4.056628278465987,0.07953390375882097
opponent_rolling_std_ALL_Dribbles_total_5,5.247998233697686,4.875441646118389,0.07930491444884673
rolling_std_ALL_Dribbles_total_5,5.247998233697686,4.875441646118389,0.07930491444884673
opponent_rolling_against_ALL_Accurate passes_5,343.81755386565277,369.11485976267534,0.07920525074096282
rolling_against_ALL_Accurate passes_5,343.81755386565277,369.11485976267534,0.07920525074096282
opponent_rolling_against_ALL_Tackles won_pct_3,0.647885182036794,0.6285499507513307,0.07913132174347541
rolling_against_ALL_Tackles won_pct_3,0.647885182036794,0.6285499507513307,0.07913132174347541
rolling_std_ALL_Blocked shots_5,1.7079978734748182,1.8499451484598808,0.07838283223699129
opponent_rolling_std_ALL_Blocked shots_5,1.7079978734748182,1.8499451484598808,0.07838283223699129
trend_ALL_Shots off target_3_minus_10,-0.04161638755781838,-0.0045962216325398965,0.07837961778596038
trend_ALL_Errors lead to a shot_3_minus_10,-0.012490713914270847,0.010272322635461321,0.07830957235454813
opponent_rolling_ALL_Punches_3,0.9415640527111687,0.7371794871794872,0.07773522086545087
rolling_ALL_Punches_3,0.9415640527111687,0.7371794871794872,0.07773522086545087
opponent_rolling_std_against_ALL_Dribbles_pct_5,0.1282445573861807,0.14393238673920708,0.07751443016082231
rolling_std_against_ALL_Dribbles_pct_5,0.1282445573861807,0.14393238673920708,0.07751443016082231
trend_ALL_Shots on target_3_minus_10,-0.045996417245435316,0.017534447260057012,0.07726816910435039
opponent_rolling_ALL_Blocked shots_3,2.6481544096928715,2.8237936463832543,0.07725140267080018
rolling_ALL_Blocked shots_3,2.648154409692871,2.8237936463832543,0.07725140267080018
ewm_against_ALL_Big chances_5,2.342517706911487,2.0523962285873023,0.0768140828838564
rolling_std_ALL_Free kicks_5,4.064848096451914,3.6760558482299435,0.07575680288213688
opponent_rolling_std_ALL_Free kicks_5,4.064848096451914,3.6760558482299435,0.07575680288213688
trend_against_ALL_Yellow cards_3_minus_10,0.010164640324214793,-0.004894144202023317,0.07551733861627886
opponent_rolling_ALL_Crosses_pct_10,0.2273773287968859,0.24272105484057388,0.07550537570309729
rolling_ALL_Crosses_pct_10,0.2273773287968859,0.24272105484057388,0.07550537570309729
rolling_against_ALL_Big chances missed_10,1.4573529016674114,1.308940092850984,0.07531613384869026
opponent_rolling_against_ALL_Big chances missed_10,1.4573529016674114,1.308940092850984,0.07531613384869026
opponent_rolling_ALL_Corner kicks_10,4.816435360509076,4.423228304288108,0.07521275091716238
rolling_ALL_Corner kicks_10,4.816435360509076,4.4232283042881075,0.07521275091716238
ewm_against_ALL_Errors lead to a shot_5,0.640924809926124,0.7440445322492498,0.07443591579751038
rolling_std_ALL_Touches in penalty area_5,7.338730446496336,8.76817356443607,0.074195419359954
opponent_rolling_std_ALL_Touches in penalty area_5,7.338730446496336,8.768173564436072,0.074195419359954
ewm_against_ALL_Yellow cards_5,1.8202879170422586,1.7889122462145775,0.07396978131654952
rolling_std_against_ALL_Fouls_5,3.9906574767373035,3.625453400714018,0.07378297129025368
opponent_rolling_std_against_ALL_Fouls_5,3.9906574767373035,3.625453400714018,0.07378297129025368
rolling_ALL_Crosses_won_3,4.331956506389889,3.77052464821545,0.07320386842937991
opponent_rolling_ALL_Crosses_won_3,4.331956506389889,3.770524648215451,0.07320386842937991
opponent_rolling_ALL_Total saves_3,3.1193415637860085,2.705549368968077,0.07318316450570649
rolling_ALL_Total saves_3,3.119341563786008,2.705549368968077,0.07318316450570649
opponent_rolling_ALL_Goalkeeper saves_3,3.1193415637860085,2.705549368968077,0.07318316450570649
rolling_ALL_Goalkeeper saves_3,3.119341563786008,2.705549368968077,0.07318316450570649
rolling_against_ALL_Corner kicks_5,4.995534167847583,4.470161146723647,0.07259968143416287
opponent_rolling_against_ALL_Corner kicks_5,4.995534167847583,4.470161146723647,0.07259968143416287
rolling_std_ALL_Aerial duels_total_5,9.106281769467232,8.376078273563259,0.0724298311211149
opponent_rolling_std_ALL_Aerial duels_total_5,9.106281769467232,8.376078273563259,0.0724298311211149
trend_against_ALL_Goalkeeper saves_3_minus_10,-0.027369903394332075,0.002051406122954004,0.07233397883121856
trend_against_ALL_Total saves_3_minus_10,-0.027369903394332075,0.002051406122954004,0.07233397883121856
opponent_rolling_ALL_Accurate passes_3,344.92177374560265,365.1031590718479,0.0722233671077144
rolling_ALL_Accurate passes_3,344.92177374560265,365.1031590718479,0.0722233671077144
rolling_std_against_ALL_Aerial duels_total_5,9.104150915531864,8.38210009026547,0.07200950168028514
opponent_rolling_std_against_ALL_Aerial duels_total_5,9.104150915531864,8.38210009026547,0.07200950168028514
ewm_ALL_Crosses_won_5,4.230540209695004,3.775456056103922,0.07146993943274008
ewm_against_ALL_Punches_5,0.918383062859547,0.8135413952896519,0.07123335909323182
trend_against_ALL_Touches in penalty area_3_minus_10,0.24509074059433772,0.1927788654221378,0.07040821649866544
opponent_rolling_ALL_Hit woodwork_3,0.29163130198608045,0.29990701999070196,0.0696121884652395
rolling_ALL_Hit woodwork_3,0.29163130198608045,0.29990701999070196,0.0696121884652395
opponent_rolling_ALL_Passes_5,427.2327154626109,437.41363268608416,0.06807241038978311
rolling_ALL_Passes_5,427.2327154626109,437.41363268608416,0.06807241038978311
rolling_against_ALL_Crosses_won_3,4.333721669137894,3.820519988817445,0.06785840488072278
opponent_rolling_against_ALL_Crosses_won_3,4.333721669137894,3.820519988817445,0.06785840488072278
opponent_rolling_std_against_ALL_Tackles won_total_5,4.650117477043005,4.3466050135044325,0.06649547071073467
rolling_std_against_ALL_Tackles won_total_5,4.650117477043005,4.3466050135044325,0.06649547071073467
ewm_ALL_Big saves_5,0.9446080911701691,0.8364679294871228,0.06605826734629586
opponent_rolling_against_ALL_Touches in penalty area_3,19.657719977863863,20.143964562569213,0.06597767916147193
rolling_against_ALL_Touches in penalty area_3,19.657719977863863,20.143964562569213,0.06597767916147193
rolling_ALL_Big chances scored_5,0.9777345826687932,1.0728808864265929,0.06590969701175575
opponent_rolling_ALL_Big chances scored_5,0.9777345826687932,1.0728808864265929,0.06590969701175575
rolling_against_ALL_Total shots_5,12.029427787071594,11.516958120347951,0.06577598640077388
opponent_rolling_against_ALL_Total shots_5,12.029427787071594,11.516958120347951,0.06577598640077388
ewm_ALL_Yellow cards_5,1.9025040734238903,1.7957385787285172,0.0656918867862724
rolling_ALL_Total shots_10,11.883155360516852,11.443585533240704,0.06540008353925861
opponent_rolling_ALL_Total shots_10,11.883155360516852,11.443585533240704,0.06540008353925861
rolling_against_ALL_Yellow cards_5,1.7756218010236724,1.7912605932203387,0.06539297867166115
opponent_rolling_against_ALL_Yellow cards_5,1.7756218010236724,1.7912605932203387,0.06539297867166115
trend_ALL_Final third phase_pct_3_minus_10,-0.0018817520183360677,-0.00027671979644571264,0.06487296941544163
rolling_std_ALL_Fouls_5,4.05946860487269,3.610129555386648,0.06380511635948508
opponent_rolling_std_ALL_Fouls_5,4.05946860487269,3.610129555386648,0.06380511635948508
trend_ALL_Errors lead to a goal_3_minus_10,0.012091503267973862,0.0014332134153417738,0.06310141757829871
opponent_rolling_ALL_Expected goals_3,1.5044097222222221,1.4008897922312555,0.06287340227875578
rolling_ALL_Expected goals_3,1.5044097222222221,1.4008897922312555,0.06287340227875578
trend_against_ALL_High claims_3_minus_10,0.0025061819305805606,0.0007426651970818256,0.06269219652306036
rolling_ALL_Ground duels_pct_10,0.4992999525507707,0.4963492232219312,0.06244974039338812
opponent_rolling_ALL_Ground duels_pct_10,0.49929995255077064,0.4963492232219312,0.06244974039338812
opponent_rolling_against_ALL_Goalkeeper saves_3,3.035592329918571,2.683648849294729,0.062170283062522314
rolling_against_ALL_Total saves_3,3.035592329918571,2.683648849294729,0.062170283062522314
opponent_rolling_against_ALL_Total saves_3,3.035592329918571,2.683648849294729,0.062170283062522314
rolling_against_ALL_Goalkeeper saves_3,3.035592329918571,2.683648849294729,0.062170283062522314
opponent_rolling_against_ALL_Big chances missed_5,1.4313575899843507,1.3182046367287332,0.06138916453826524
rolling_against_ALL_Big chances missed_5,1.4313575899843507,1.3182046367287332,0.06138916453826524
opponent_rolling_against_ALL_Hit woodwork_3,0.2928761387427149,0.30669456066945605,0.06090980547074447
rolling_against_ALL_Hit woodwork_3,0.29287613874271484,0.30669456066945605,0.06090980547074447
rolling_ALL_Passes_3,429.0983459853113,439.08209859286177,0.060284292192260364
opponent_rolling_ALL_Passes_3,429.0983459853114,439.0820985928618,0.060284292192260364
rolling_ALL_Duels_10,0.4994832494231173,0.4972090003332363,0.05902201360294358
opponent_rolling_ALL_Duels_10,0.4994832494231173,0.4972090003332363,0.05902201360294358
ewm_ALL_Long balls_pct_5,0.48337713627167905,0.4888408165640259,0.05886718025672756
opponent_rolling_against_ALL_Corner kicks_3,4.963238492995736,4.459017140773158,0.05851555416060293
rolling_against_ALL_Corner kicks_3,4.963238492995736,4.459017140773158,0.05851555416060293
trend_ALL_Punches_3_minus_10,-0.021323900050406852,0.007784094763261434,0.05810916684220751
rolling_against_ALL_Shots on target_5,4.494272189349113,4.0464237698306,0.057591342537581504
opponent_rolling_against_ALL_Shots on target_5,4.494272189349112,4.0464237698306,0.057591342537581504
trend_ALL_Offsides_3_minus_10,-0.025973664319528984,0.007714772074103553,0.057537904827113864
trend_against_ALL_Big saves_3_minus_10,-0.0022483461469694262,0.011125395260010646,0.056172315063754294
trend_against_ALL_Goal kicks_3_minus_10,-0.07301841943342728,-0.06350440231617353,0.056112174889877325
rolling_ALL_Long balls_pct_10,0.49560020225184337,0.4891241832546643,0.054957245704143336
opponent_rolling_ALL_Long balls_pct_10,0.49560020225184337,0.4891241832546643,0.054957245704143336
ewm_ALL_Corner kicks_5,4.7463341995332184,4.414898713230064,0.054020547195585245
ewm_against_ALL_Crosses_pct_5,0.232758603408885,0.24360358843255722,0.053944127942715636
opponent_rolling_against_ALL_Passes_10,424.9220182404827,441.6323618862019,0.05324674625811701
rolling_against_ALL_Passes_10,424.9220182404827,441.6323618862019,0.05324674625811701
ewm_ALL_Big chances_5,1.931582966383991,2.038106214824958,0.05324065661458906
rolling_ALL_Corner kicks_5,4.81324200913242,4.4044515669515665,0.05256261708651807
opponent_rolling_ALL_Corner kicks_5,4.81324200913242,4.404451566951566,0.05256261708651807
rolling_std_against_ALL_Total tackles_5,4.649263920477736,4.429577280397416,0.052392717402666475
opponent_rolling_std_against_ALL_Total tackles_5,4.649263920477735,4.429577280397416,0.052392717402666475
opponent_rolling_std_against_ALL_Tackles_5,4.649263920477735,4.429577280397416,0.052392717402666475
rolling_std_against_ALL_Tackles_5,4.649263920477736,4.429577280397416,0.052392717402666475
opponent_rolling_std_ALL_Errors lead to a goal_5,0.43160667998018365,0.4199984286278544,0.05233667879688547
rolling_std_ALL_Errors lead to a goal_5,0.43160667998018365,0.4199984286278544,0.05233667879688547
rolling_against_ALL_Passes_3,430.0193174103561,444.43686515702166,0.052158476562291736
opponent_rolling_against_ALL_Passes_3,430.0193174103561,444.4368651570217,0.052158476562291736
opponent_rolling_against_ALL_Errors lead to a shot_10,0.7024640911342248,0.7709013897245063,0.051915406870627415
rolling_against_ALL_Errors lead to a shot_10,0.7024640911342248,0.7709013897245063,0.051915406870627415
opponent_rolling_ALL_Big saves_5,0.9372241018205252,0.8371806232461969,0.051901148179899104
rolling_ALL_Big saves_5,0.9372241018205252,0.8371806232461969,0.051901148179899104
rolling_against_ALL_Punches_10,0.9259229146406917,0.8194192491811539,0.05153917883993082
opponent_rolling_against_ALL_Punches_10,0.9259229146406917,0.8194192491811539,0.05153917883993082
opponent_rolling_against_ALL_Punches_3,0.9434003024411319,0.8198005698005697,0.05101255560137352
rolling_against_ALL_Punches_3,0.9434003024411319,0.8198005698005697,0.05101255560137352
opponent_rolling_std_ALL_Long balls_total_5,10.514288280044273,9.874628341831015,0.0507853393662237
rolling_std_ALL_Long balls_total_5,10.514288280044273,9.874628341831011,0.0507853393662237
rolling_against_ALL_Passes_5,428.00144433882554,443.6179476806904,0.05061477715925914
opponent_rolling_against_ALL_Passes_5,428.00144433882554,443.6179476806904,0.05061477715925914
opponent_rolling_against_ALL_Duels_10,0.5002225488727062,0.4982440534190468,0.05050403370782647
rolling_against_ALL_Duels_10,0.5002225488727062,0.4982440534190468,0.05050403370782647
opponent_rolling_ALL_Big chances_10,2.029309002972466,2.019937646257294,0.0499494251112704
rolling_ALL_Big chances_10,2.029309002972466,2.019937646257294,0.0499494251112704
opponent_rolling_ALL_Corner kicks_3,4.836574436613591,4.404312545587162,0.049682634278859265
rolling_ALL_Corner kicks_3,4.836574436613591,4.404312545587162,0.049682634278859265
rolling_against_ALL_Long balls_pct_10,0.4981978860246024,0.49212893925397244,0.04740034544540153
opponent_rolling_against_ALL_Long balls_pct_10,0.4981978860246024,0.4921289392539725,0.04740034544540153
opponent_rolling_std_ALL_Errors lead to a shot_5,0.5430249826512358,0.6278840796976376,0.04656713657214186
rolling_std_ALL_Errors lead to a shot_5,0.5430249826512358,0.6278840796976376,0.04656713657214186
ewm_ALL_Errors lead to a shot_5,0.7693675448214718,0.7993488083050057,0.046503703238052044
rolling_std_ALL_Big chances scored_5,0.763737535117549,0.82422527719973,0.045794156693131964
opponent_rolling_std_ALL_Big chances scored_5,0.763737535117549,0.82422527719973,0.045794156693131964
ewm_ALL_Total shots_5,12.164951654128611,11.476668156019894,0.04554060638477288
trend_ALL_Goals prevented_3_minus_10,0.0036696872778962304,-0.013741815476190473,0.044766970489319886
trend_ALL_Big saves_3_minus_10,0.005352176331525517,0.006783992360915436,0.04444195642316725
rolling_std_ALL_Long balls_won_5,6.9112251034696515,6.6950911115986225,0.04388839734039967
opponent_rolling_std_ALL_Long balls_won_5,6.9112251034696515,6.6950911115986225,0.04388839734039967
opponent_rolling_std_against_ALL_Long balls_total_5,10.712415162233967,10.644798041435418,0.04367926863364653
rolling_std_against_ALL_Long balls_total_5,10.712415162233967,10.644798041435418,0.04367926863364653
trend_against_ALL_Errors lead to a goal_3_minus_10,-0.007822712418300647,0.016018722679973698,0.04250567588816989
rolling_against_ALL_Big chances_5,2.1232045425707398,2.056056083220262,0.042198482808269384
opponent_rolling_against_ALL_Big chances_5,2.1232045425707398,2.056056083220262,0.042198482808269384
rolling_std_against_ALL_Long balls_won_5,7.0697539576486985,6.880857612289593,0.042169720514777145
opponent_rolling_std_against_ALL_Long balls_won_5,7.0697539576486985,6.880857612289593,0.042169720514777145
rolling_std_against_ALL_Clearances_5,7.879921539614236,7.667236956292563,0.04202946301362731
opponent_rolling_std_against_ALL_Clearances_5,7.879921539614236,7.667236956292563,0.04202946301362731
opponent_rolling_std_against_ALL_Through balls_5,0.752578329264508,0.7470423565532156,0.041783224734420865
rolling_std_against_ALL_Through balls_5,0.752578329264508,0.7470423565532156,0.041783224734420865
trend_against_ALL_Errors lead to a shot_3_minus_10,-0.013975559022360888,0.021360744216583634,0.0416336964849096
opponent_rolling_std_ALL_Final third phase_pct_5,0.06932686046905509,0.07749675602308569,0.041541257589758705
rolling_std_ALL_Final third phase_pct_5,0.06932686046905509,0.07749675602308569,0.041541257589758705
opponent_rolling_std_ALL_Through balls_5,0.7402532560383561,0.7390465035466993,0.04150820675169617
rolling_std_ALL_Through balls_5,0.7402532560383561,0.7390465035466993,0.04150820675169617
opponent_rolling_std_against_ALL_Crosses_won_5,2.2493160189783246,2.2005416352430296,0.04133595725295786
rolling_std_against_ALL_Crosses_won_5,2.2493160189783246,2.2005416352430296,0.04133595725295786
rolling_std_ALL_Long balls_pct_5,0.09302935591440635,0.09861905473645445,0.040869284214341085
opponent_rolling_std_ALL_Long balls_pct_5,0.09302935591440635,0.09861905473645445,0.040869284214341085
opponent_rolling_ALL_Total shots_5,11.700107236305923,11.4721908349027,0.040774436150050095
rolling_ALL_Total shots_5,11.700107236305923,11.4721908349027,0.040774436150050095
opponent_rolling_against_ALL_Shots on target_3,4.45280178057083,4.058943089430895,0.04059814366055529
rolling_against_ALL_Shots on target_3,4.45280178057083,4.058943089430894,0.04059814366055529
opponent_rolling_std_ALL_Final third entries_5,12.533459460144567,13.694327452345645,0.039816566260036816
rolling_std_ALL_Final third entries_5,12.533459460144567,13.694327452345645,0.039816566260036816
rolling_std_against_ALL_Errors lead to a goal_5,0.44770522680653985,0.4632055861826113,0.03965233091546788
opponent_rolling_std_against_ALL_Errors lead to a goal_5,0.44770522680653985,0.4632055861826113,0.03965233091546788
ewm_against_ALL_Duels_5,0.5039183691409564,0.4982339840949415,0.03945264134760722
opponent_rolling_std_against_ALL_Long balls_pct_5,0.09988752175467888,0.10451430241406741,0.039426945380761136
rolling_std_against_ALL_Long balls_pct_5,0.09988752175467888,0.1045143024140674,0.039426945380761136
rolling_against_ALL_Aerial duels_pct_10,0.5003936702728081,0.4989014801597847,0.039129851046005505
opponent_rolling_against_ALL_Aerial duels_pct_10,0.5003936702728081,0.49890148015978475,0.039129851046005505
ewm_against_ALL_Long balls_pct_5,0.5037799723688552,0.4914038005240869,0.03885532122654667
opponent_rolling_against_ALL_Errors lead to a shot_5,0.7095470183486239,0.7711759504862953,0.038544981178645486
rolling_against_ALL_Errors lead to a shot_5,0.7095470183486238,0.7711759504862953,0.038544981178645486
rolling_std_against_ALL_Errors lead to a shot_5,0.5399340852859051,0.6368458680212576,0.038197665195061056
opponent_rolling_std_against_ALL_Errors lead to a shot_5,0.5399340852859051,0.6368458680212576,0.038197665195061056
opponent_rolling_ALL_Aerial duels_pct_10,0.49987627089014747,0.5003942744517419,0.038085243983187196
rolling_ALL_Aerial duels_pct_10,0.49987627089014747,0.5003942744517419,0.038085243983187196
rolling_against_ALL_Ground duels_pct_10,0.5004077786768159,0.49829647908414854,0.0369452477402587
opponent_rolling_against_ALL_Ground duels_pct_10,0.5004077786768157,0.49829647908414854,0.0369452477402587
rolling_std_against_ALL_Total shots_5,4.344394648469262,4.592817304789152,0.0360271039073477
opponent_rolling_std_against_ALL_Total shots_5,4.344394648469261,4.592817304789151,0.0360271039073477
rolling_std_against_ALL_Crosses_total_5,6.797408346292288,6.702400888304675,0.035615904432155406
opponent_rolling_std_against_ALL_Crosses_total_5,6.797408346292289,6.702400888304675,0.035615904432155406
ewm_against_ALL_Big saves_5,0.8441068243927471,0.8846528939034274,0.03526404771612387
opponent_rolling_ALL_Crosses_pct_5,0.22832430872075354,0.24337562927004674,0.03509138946787879
rolling_ALL_Crosses_pct_5,0.22832430872075363,0.24337562927004674,0.03509138946787879
opponent_rolling_std_against_ALL_Goalkeeper saves_5,1.7849564747406577,1.6564247928700522,0.034606136655834424
rolling_std_against_ALL_Goalkeeper saves_5,1.7849564747406579,1.6564247928700522,0.034606136655834424
rolling_std_against_ALL_Total saves_5,1.7849564747406579,1.6564247928700522,0.034606136655834424
opponent_rolling_std_against_ALL_Total saves_5,1.7849564747406577,1.6564247928700522,0.034606136655834424
opponent_rolling_ALL_Through balls_5,0.9612507031689481,0.8887543757292883,0.034381157229553164
rolling_ALL_Through balls_5,0.9612507031689481,0.8887543757292883,0.034381157229553164
opponent_rolling_goal_difference_10,0.01866033512387092,0.06486450876646954,0.0343297363656207
rolling_goal_difference_10,0.018660335123870928,0.06486450876646956,0.0343297363656207
rolling_ALL_Shots on target_10,4.276129656624554,3.990662449015671,0.0341065979496873
opponent_rolling_ALL_Shots on target_10,4.276129656624554,3.990662449015671,0.0341065979496873
rolling_ALL_Errors lead to a goal_10,0.5644558697514995,0.5489973018303799,0.03397497664022951
opponent_rolling_ALL_Errors lead to a goal_10,0.5644558697514995,0.5489973018303799,0.03397497664022951
rolling_against_ALL_Total shots_3,11.894779460798322,11.557745696835092,0.03386883957113107
opponent_rolling_against_ALL_Total shots_3,11.894779460798322,11.557745696835092,0.03386883957113107
opponent_rolling_ALL_Yellow cards_3,1.8078679078014184,1.7913743479042992,0.0333162974940039
rolling_ALL_Yellow cards_3,1.8078679078014184,1.7913743479042992,0.0333162974940039
rolling_std_ALL_Clearances_5,7.700176808277177,7.630362948369137,0.0330177445707927
opponent_rolling_std_ALL_Clearances_5,7.700176808277177,7.630362948369137,0.0330177445707927
rolling_against_ALL_Big chances scored_5,0.997949893673578,1.0576361957525393,0.032926338415071976
opponent_rolling_against_ALL_Big chances scored_5,0.997949893673578,1.0576361957525393,0.032926338415071976
rolling_std_ALL_Crosses_total_5,6.895375259912885,6.689379387948472,0.0326242064076544
opponent_rolling_std_ALL_Crosses_total_5,6.895375259912885,6.689379387948472,0.0326242064076544
opponent_rolling_std_against_ALL_Final third entries_5,12.487512641421855,13.163287000129849,0.032035183060412836
rolling_std_against_ALL_Final third entries_5,12.487512641421855,13.163287000129849,0.032035183060412836
rolling_ALL_Crosses_pct_3,0.22909341241262443,0.24433650172397725,0.03202020108900501
opponent_rolling_ALL_Crosses_pct_3,0.22909341241262443,0.24433650172397725,0.03202020108900501
rolling_against_ALL_Punches_5,0.9374854093713523,0.8208410067526091,0.031901496211364164
opponent_rolling_against_ALL_Punches_5,0.9374854093713523,0.8208410067526091,0.031901496211364164
opponent_rolling_against_ALL_Crosses_pct_5,0.2321490732300213,0.2430138888888889,0.03167450999284251
rolling_against_ALL_Crosses_pct_5,0.2321490732300213,0.2430138888888889,0.03167450999284251
rolling_against_ALL_Big saves_10,0.8523004370830457,0.9051767821997291,0.03147812109489895
opponent_rolling_against_ALL_Big saves_10,0.8523004370830457,0.9051767821997291,0.03147812109489895
trend_goals_for_3_minus_10,-0.002792103129918602,0.004322543832347743,0.03012174341843795
rolling_std_ALL_Yellow cards_5,1.084928398481446,1.1805354244064417,0.0290112796161327
opponent_rolling_std_ALL_Yellow cards_5,1.084928398481446,1.1805354244064417,0.0290112796161327
rolling_against_ALL_Errors lead to a goal_3,0.5547385620915032,0.6333604115894936,0.02827507194296253
opponent_rolling_against_ALL_Errors lead to a goal_3,0.5547385620915032,0.6333604115894936,0.02827507194296253
opponent_rolling_std_ALL_Big saves_5,0.6837236042660646,0.6630186432543198,0.027935272929150448
rolling_std_ALL_Big saves_5,0.6837236042660646,0.6630186432543198,0.027935272929150448
opponent_rolling_ALL_Shots on target_5,4.258402366863906,3.996634399928296,0.027787838662118487
rolling_ALL_Shots on target_5,4.258402366863906,3.996634399928296,0.027787838662118487
trend_goals_against_3_minus_10,-0.00882762369481587,0.012934329287270448,0.02741849295150719
opponent_rolling_ALL_Big chances_5,2.0338313665778456,2.0491044776119405,0.026979048148498087
rolling_ALL_Big chances_5,2.0338313665778456,2.0491044776119405,0.026979048148498087
rolling_ALL_Errors lead to a shot_5,0.719256498470948,0.779761273209549,0.02678150500935923
opponent_rolling_ALL_Errors lead to a shot_5,0.719256498470948,0.779761273209549,0.02678150500935923
trend_goal_difference_3_minus_10,0.006035520564897261,-0.00861178545492271,0.026238606703437566
opponent_rolling_std_ALL_Total saves_5,1.7667167643451298,1.6771202743115745,0.025975826812929283
opponent_rolling_std_ALL_Goalkeeper saves_5,1.7667167643451298,1.6771202743115745,0.025975826812929283
rolling_std_ALL_Total saves_5,1.7667167643451298,1.6771202743115743,0.025975826812929283
rolling_std_ALL_Goalkeeper saves_5,1.7667167643451298,1.6771202743115743,0.025975826812929283
opponent_rolling_std_goals_against_5,1.0843639278779755,1.1083368620860965,0.025953829808643525
rolling_std_goals_against_5,1.0843639278779755,1.1083368620860965,0.025953829808643525
ewm_ALL_Ground duels_pct_5,0.4960372370756237,0.4968250356783025,0.02572827895062591
opponent_rolling_ALL_Big chances scored_3,0.9922352941176471,1.0879029088050316,0.025492810876131748
rolling_ALL_Big chances scored_3,0.9922352941176471,1.0879029088050314,0.025492810876131748
rolling_std_ALL_Corner kicks_5,2.472616618129575,2.4642186877151713,0.025465930549687307
opponent_rolling_std_ALL_Corner kicks_5,2.472616618129575,2.4642186877151713,0.025465930549687307
rolling_std_against_ALL_Yellow cards_5,1.0724684442715564,1.1580408612001278,0.025414988789135715
opponent_rolling_std_against_ALL_Yellow cards_5,1.0724684442715564,1.1580408612001278,0.025414988789135715
rolling_against_ALL_Big chances scored_3,0.9915686274509805,1.060190644654088,0.02504584344355191
opponent_rolling_against_ALL_Big chances scored_3,0.9915686274509803,1.060190644654088,0.02504584344355191
opponent_rolling_ALL_Big chances missed_5,1.37549882629108,1.3104143848119751,0.0249442757717262
rolling_ALL_Big chances missed_5,1.37549882629108,1.3104143848119751,0.0249442757717262
rolling_against_ALL_Through balls_3,1.0041315871531025,0.8984612050281751,0.02481734471533436
opponent_rolling_against_ALL_Through balls_3,1.0041315871531025,0.8984612050281751,0.02481734471533436
ewm_ALL_Shots on target_5,4.207594172285737,3.994942086170623,0.024800895853811046
ewm_against_ALL_Ground duels_pct_5,0.5037686853181427,0.4982304067698235,0.024496018585978947
rolling_std_ALL_Big chances missed_5,1.0372328783436835,1.0418294251058853,0.02444794014020879
opponent_rolling_std_ALL_Big chances missed_5,1.0372328783436837,1.0418294251058853,0.02444794014020879
ewm_ALL_Big chances missed_5,1.3133193032307138,1.304380014964155,0.024435024675707434
rolling_std_against_ALL_Goal kicks_5,3.3232142448888906,3.153322639015133,0.02433629909597646
opponent_rolling_std_against_ALL_Goal kicks_5,3.3232142448888906,3.1533226390151334,0.02433629909597646
rolling_std_against_ALL_Shots off target_5,2.4159429034234603,2.331360617952552,0.024294141033496627
opponent_rolling_std_against_ALL_Shots off target_5,2.4159429034234603,2.331360617952552,0.024294141033496627
ewm_goal_difference_5,0.021734841378540447,0.05577067073253282,0.02424471668899062
rolling_ALL_Errors lead to a shot_10,0.726298821906177,0.7603161604682428,0.024127850491981524
opponent_rolling_ALL_Errors lead to a shot_10,0.726298821906177,0.7603161604682428,0.024127850491981524
opponent_rolling_std_ALL_Shots off target_5,2.479387654396869,2.3944434978235516,0.024034472006520043
rolling_std_ALL_Shots off target_5,2.479387654396869,2.3944434978235516,0.024034472006520043
rolling_goal_difference_5,0.023472654611291426,0.0591285403050109,0.023968691747964614
opponent_rolling_goal_difference_5,0.023472654611291426,0.059128540305010885,0.023968691747964614
rolling_against_ALL_Crosses_pct_3,0.2317983478076679,0.24399822942875782,0.023898357326276765
opponent_rolling_against_ALL_Crosses_pct_3,0.2317983478076679,0.24399822942875782,0.023898357326276765
rolling_std_ALL_Throw-ins_5,5.4272237283009614,5.173981628458585,0.023620177653195427
opponent_rolling_std_ALL_Throw-ins_5,5.427223728300962,5.173981628458585,0.023620177653195427
rolling_ALL_Long balls_pct_5,0.4974886356730478,0.48868810679611646,0.02337106447450813
opponent_rolling_ALL_Long balls_pct_5,0.4974886356730478,0.48868810679611646,0.02337106447450813
opponent_rolling_std_ALL_Goal kicks_5,3.193149325252865,3.113208268610242,0.02243610395525947
rolling_std_ALL_Goal kicks_5,3.193149325252865,3.113208268610242,0.02243610395525947
opponent_rolling_ALL_Duels_5,0.4992788339670469,0.497303353110392,0.022332205709348883
rolling_ALL_Duels_5,0.4992788339670469,0.497303353110392,0.022332205709348883
opponent_rolling_goals_for_10,1.3251629935938076,1.3830412905903102,0.02220042598569671
rolling_goals_for_10,1.3251629935938076,1.3830412905903102,0.02220042598569671
opponent_rolling_ALL_Errors lead to a goal_3,0.5561683006535948,0.5725697265096128,0.02201879326956714
rolling_ALL_Errors lead to a goal_3,0.5561683006535948,0.5725697265096128,0.02201879326956714
ewm_against_ALL_Aerial duels_pct_5,0.504600486367198,0.4986894097412075,0.02176923808381988
rolling_ALL_Total shots_3,11.678717728874917,11.50134184712197,0.021761637557834917
opponent_rolling_ALL_Total shots_3,11.678717728874915,11.50134184712197,0.021761637557834917
opponent_rolling_ALL_Through balls_3,0.9764967259120674,0.9029042045947117,0.021757835081873362
rolling_ALL_Through balls_3,0.9764967259120674,0.9029042045947117,0.021757835081873362
opponent_rolling_against_ALL_Aerial duels_pct_5,0.5002172581326574,0.4993451995685006,0.021651842135380198
rolling_against_ALL_Aerial duels_pct_5,0.5002172581326574,0.4993451995685006,0.021651842135380198
opponent_rolling_against_ALL_Yellow cards_3,1.7759086879432624,1.7950170894045694,0.020887142588142504
rolling_against_ALL_Yellow cards_3,1.7759086879432624,1.7950170894045694,0.020887142588142504
opponent_rolling_std_ALL_Big chances_5,1.4030622673846356,1.4538288444167178,0.02084224199230462
rolling_std_ALL_Big chances_5,1.4030622673846356,1.4538288444167178,0.02084224199230462
opponent_rolling_against_ALL_Long balls_pct_5,0.49856317228805835,0.49223449298813376,0.020838141089245924
rolling_against_ALL_Long balls_pct_5,0.49856317228805846,0.49223449298813376,0.020838141089245924
rolling_std_ALL_Crosses_won_5,2.3216581593698766,2.219323885308516,0.020693760756668608
opponent_rolling_std_ALL_Crosses_won_5,2.3216581593698766,2.219323885308516,0.020693760756668608
ewm_ALL_Duels_5,0.4958691613478147,0.49756067523426845,0.02048444373936311
rolling_ALL_Aerial duels_pct_5,0.5000033798056612,0.49996633405249913,0.019432402344960936
opponent_rolling_ALL_Aerial duels_pct_5,0.5000033798056611,0.49996633405249913,0.019432402344960936
opponent_rolling_ALL_Shots on target_3,4.281094527363184,4.02600702143385,0.019221725697776335
rolling_ALL_Shots on target_3,4.281094527363184,4.02600702143385,0.019221725697776335
opponent_rolling_std_ALL_Shots on target_5,2.2571578600137245,2.168522447793181,0.01873709908712816
rolling_std_ALL_Shots on target_5,2.2571578600137245,2.168522447793181,0.01873709908712816
opponent_rolling_against_ALL_Errors lead to a goal_5,0.5487211916807195,0.6302288620470438,0.018537033873946042
rolling_against_ALL_Errors lead to a goal_5,0.5487211916807195,0.6302288620470438,0.018537033873946042
opponent_rolling_goals_against_10,1.3065026584699366,1.3181767818238406,0.01816589199779892
rolling_goals_against_10,1.3065026584699366,1.3181767818238406,0.01816589199779892
rolling_std_against_ALL_Shots on target_5,2.177190427567896,2.146805340748858,0.018139722376383727
opponent_rolling_std_against_ALL_Shots on target_5,2.177190427567896,2.146805340748858,0.018139722376383727
opponent_rolling_std_against_ALL_Big saves_5,0.7189090796941323,0.6809588314996483,0.018109061718847786
rolling_std_against_ALL_Big saves_5,0.7189090796941323,0.6809588314996483,0.018109061718847786
rolling_std_ALL_Total shots_5,4.553252868940324,4.660527805853002,0.01783108904057911
opponent_rolling_std_ALL_Total shots_5,4.553252868940324,4.660527805853002,0.01783108904057911
rolling_against_ALL_Duels_5,0.5003150612589776,0.49855798274002155,0.01782687650060574
opponent_rolling_against_ALL_Duels_5,0.5003150612589776,0.49855798274002155,0.01782687650060574
rolling_std_against_ALL_Throw-ins_5,5.316544432606839,5.119152121707532,0.01740970238069356
opponent_rolling_std_against_ALL_Throw-ins_5,5.316544432606839,5.119152121707532,0.01740970238069356
opponent_rolling_ALL_Big saves_3,0.9312682519816436,0.8430309007232083,0.01693743408274827
rolling_ALL_Big saves_3,0.9312682519816436,0.8430309007232084,0.01693743408274827
opponent_rolling_against_ALL_Big chances missed_3,1.418546365914787,1.3274702037677815,0.01679780273155131
rolling_against_ALL_Big chances missed_3,1.418546365914787,1.3274702037677815,0.01679780273155131
trend_against_ALL_Goals prevented_3_minus_10,0.029657960199004976,0.018453414351851848,0.016227432769831927
rolling_against_ALL_Errors lead to a shot_3,0.7143785751430056,0.7791970802919708,0.015497635946817474
opponent_rolling_against_ALL_Errors lead to a shot_3,0.7143785751430056,0.7791970802919708,0.015497635946817474
opponent_rolling_ALL_Errors lead to a goal_5,0.5596261944912871,0.5668467895740623,0.015020907585290757
rolling_ALL_Errors lead to a goal_5,0.5596261944912873,0.5668467895740623,0.015020907585290757
rolling_goal_difference_3,0.024695855688768184,0.05625272331154684,0.0148459692592775
opponent_rolling_goal_difference_3,0.024695855688768184,0.05625272331154684,0.0148459692592775
opponent_rolling_ALL_Big chances_3,2.048506913798176,2.076850542197077,0.014666492990541666
rolling_ALL_Big chances_3,2.048506913798176,2.076850542197077,0.014666492990541666
ewm_ALL_Aerial duels_pct_5,0.4957475181056011,0.500623572808573,0.014004135103921357
ewm_goals_for_5,1.322379971716079,1.3852299375279997,0.013849384039385338
rolling_ALL_Ground duels_pct_5,0.49908159062103935,0.4966441028407048,0.013359865943989222
opponent_rolling_ALL_Ground duels_pct_5,0.4990815906210393,0.4966441028407048,0.013359865943989222
trend_against_ALL_Punches_3_minus_10,0.0029976648252733867,-0.0011822089947089913,0.013353140138206002
rolling_ALL_Long balls_pct_3,0.4988134576007908,0.4893253191687634,0.012893274236587503
opponent_rolling_ALL_Long balls_pct_3,0.4988134576007908,0.4893253191687634,0.012893274236587503
rolling_ALL_Big chances missed_3,1.3792435634540898,1.3261245674740485,0.012849149593003243
opponent_rolling_ALL_Big chances missed_3,1.3792435634540898,1.3261245674740485,0.012849149593003243
rolling_std_against_ALL_Corner kicks_5,2.4688383169731924,2.47632941497016,0.01214851598861951
opponent_rolling_std_against_ALL_Corner kicks_5,2.4688383169731924,2.47632941497016,0.01214851598861951
opponent_rolling_ALL_Duels_3,0.4993592592592592,0.4973115273506663,0.012061765890761989
rolling_ALL_Duels_3,0.4993592592592592,0.4973115273506663,0.012061765890761989
rolling_against_ALL_Long balls_pct_3,0.4991502506531103,0.4919005684465567,0.01205371414857217
opponent_rolling_against_ALL_Long balls_pct_3,0.4991502506531103,0.49190056844655666,0.01205371414857217
rolling_goals_for_5,1.3234362235322692,1.385041394335512,0.011899270496801118
opponent_rolling_goals_for_5,1.323436223532269,1.385041394335512,0.011899270496801118
rolling_ALL_Errors lead to a shot_3,0.7129485179407177,0.7851784266017844,0.01150330988871152
opponent_rolling_ALL_Errors lead to a shot_3,0.7129485179407177,0.7851784266017843,0.01150330988871152
opponent_rolling_std_against_ALL_Big chances missed_5,1.012958454027085,1.0297873093737033,0.010855101659815248
rolling_std_against_ALL_Big chances missed_5,1.012958454027085,1.0297873093737033,0.010855101659815248
rolling_goals_against_5,1.2999635689209776,1.3259128540305012,0.010776125917797634
opponent_rolling_goals_against_5,1.2999635689209776,1.3259128540305012,0.010776125917797634
opponent_rolling_against_ALL_Big saves_5,0.8734654422426293,0.9062693841382367,0.010774709046146518
rolling_against_ALL_Big saves_5,0.8734654422426293,0.9062693841382367,0.010774709046146518
rolling_ALL_Aerial duels_pct_3,0.5000675800777633,0.4997041282266332,0.010251080455951227
opponent_rolling_ALL_Aerial duels_pct_3,0.5000675800777633,0.4997041282266332,0.010251080455951227
rolling_against_ALL_Ground duels_pct_3,0.5003511695365056,0.49836128972136806,0.009725899776610364
opponent_rolling_against_ALL_Ground duels_pct_3,0.5003511695365056,0.49836128972136806,0.009725899776610364
ewm_goals_against_5,1.3006451303375386,1.3294592667954666,0.009080457549348895
opponent_rolling_against_ALL_Ground duels_pct_5,0.500499419095902,0.4984931679252068,0.008991808518130105
rolling_against_ALL_Ground duels_pct_5,0.500499419095902,0.4984931679252068,0.008991808518130105
opponent_rolling_against_ALL_Big chances_3,2.10672256546043,2.072135785007072,0.00890570717494357
rolling_against_ALL_Big chances_3,2.10672256546043,2.072135785007072,0.00890570717494357
rolling_goals_for_3,1.3223708904638893,1.3873638344226578,0.0084181659086704
opponent_rolling_goals_for_3,1.3223708904638893,1.3873638344226578,0.0084181659086704
opponent_rolling_against_ALL_Aerial duels_pct_3,0.5001367030796766,0.49953592395862456,0.008231065983453032
rolling_against_ALL_Aerial duels_pct_3,0.5001367030796766,0.49953592395862456,0.008231065983453032
rolling_std_goal_difference_5,1.6989812030992508,1.7462039494084434,0.00801822213156665
opponent_rolling_std_goal_difference_5,1.6989812030992508,1.7462039494084436,0.00801822213156665
rolling_against_ALL_Big saves_3,0.8925740508969545,0.9078731097961866,0.0074048027480938285
opponent_rolling_against_ALL_Big saves_3,0.8925740508969545,0.9078731097961866,0.0074048027480938285
opponent_rolling_goals_against_3,1.297675034775121,1.3311111111111111,0.00653596335935362
rolling_goals_against_3,1.297675034775121,1.3311111111111111,0.00653596335935362
rolling_std_goals_for_5,1.1505143639774025,1.1573257156272927,0.005706888244621384
opponent_rolling_std_goals_for_5,1.1505143639774025,1.1573257156272927,0.005706888244621384
opponent_rolling_against_ALL_Duels_3,0.5001697530864198,0.49860544217687075,0.005584437899926763
rolling_against_ALL_Duels_3,0.5001697530864198,0.49860544217687075,0.005584437899926763
opponent_rolling_ALL_Ground duels_pct_3,0.4991594149231624,0.4968674867207157,0.004604804680867346
rolling_ALL_Ground duels_pct_3,0.4991594149231624,0.4968674867207157,0.004604804680867346
rolling_against_ALL_Penalty saves_5,0.5220588235294118,0.5458015267175572,0.0
rolling_against_ALL_Penalty saves_10,0.5177664974619289,0.5665626625065003,0.0
trend_against_ALL_Penalty saves_3_minus_10,0.011811023622047244,0.02059202059202059,0.0
opponent_rolling_ALL_Penalty saves_3,0.5196850393700787,0.47168597168597165,0.0
rolling_against_ALL_Penalty saves_3,0.5275590551181102,0.5283140283140283,0.0
rolling_ALL_Penalty saves_3,0.5196850393700787,0.47168597168597165,0.0
trend_ALL_Penalty saves_3_minus_10,-0.011811023622047244,-0.02059202059202059,0.0
rolling_ALL_Penalty saves_10,0.5329949238578681,0.4334373374934997,0.0
rolling_ALL_Penalty saves_5,0.5269607843137255,0.4541984732824427,0.0
opponent_rolling_ALL_Penalty saves_10,0.5329949238578681,0.4334373374934997,0.0
opponent_rolling_ALL_Penalty saves_5,0.5269607843137255,0.4541984732824427,0.0
opponent_rolling_against_ALL_Penalty saves_5,0.5220588235294118,0.5458015267175572,0.0
opponent_rolling_against_ALL_Penalty saves_10,0.5177664974619289,0.5665626625065003,0.0
opponent_rolling_against_ALL_Penalty saves_3,0.5275590551181102,0.5283140283140283,0.0
rolling_ALL_Number of sprints_3,,147.23282007413746,
rolling_ALL_Number of sprints_5,,147.9199767261443,
rolling_ALL_Number of sprints_10,,150.07487625874722,
rolling_std_ALL_Number of sprints_5,,25.707998196056163,
ewm_ALL_Number of sprints_5,,148.59744026941334,
trend_ALL_Number of sprints_3_minus_10,,-2.9589983298708704,
rolling_against_ALL_Number of sprints_3,,146.67978329056172,
rolling_against_ALL_Number of sprints_5,,147.24067752779933,
rolling_against_ALL_Number of sprints_10,,148.93117568413268,
rolling_std_against_ALL_Number of sprints_5,,28.237771181523087,
ewm_against_ALL_Number of sprints_5,,147.03625490377942,
trend_against_ALL_Number of sprints_3_minus_10,,-2.9938792483061083,
opponent_rolling_ALL_Number of sprints_3,,147.23282007413744,
opponent_rolling_ALL_Number of sprints_5,,147.9199767261443,
opponent_rolling_ALL_Number of sprints_10,,150.07487625874722,
opponent_rolling_std_ALL_Number of sprints_5,,25.707998196056163,
opponent_rolling_against_ALL_Number of sprints_3,,146.67978329056172,
opponent_rolling_against_ALL_Number of sprints_5,,147.24067752779933,
opponent_rolling_against_ALL_Number of sprints_10,,148.93117568413268,
opponent_rolling_std_against_ALL_Number of sprints_5,,28.23777118152309,
